curve,vds_v,value,unit
coss,0.02187,2461.212,pF
coss,0.0347,2460.793,pF
coss,0.04752,2460.375,pF
coss,0.06035,2459.956,pF
coss,0.07318,2459.537,pF
coss,0.086,2459.118,pF
coss,0.09883,2458.699,pF
coss,0.11166,2458.281,pF
coss,0.12448,2457.862,pF
coss,0.13731,2457.443,pF
coss,0.15014,2457.024,pF
coss,0.16296,2456.605,pF
coss,0.17579,2456.187,pF
coss,0.18862,2455.768,pF
coss,0.20144,2455.349,pF
coss,0.21427,2454.93,pF
coss,0.2271,2454.512,pF
coss,0.23992,2454.093,pF
coss,0.25275,2453.674,pF
coss,0.26558,2453.255,pF
coss,0.2784,2452.836,pF
coss,0.29123,2452.418,pF
coss,0.30406,2451.999,pF
coss,0.31688,2451.58,pF
coss,0.32971,2451.161,pF
coss,0.34253,2450.742,pF
coss,0.35536,2450.324,pF
coss,0.36819,2449.905,pF
coss,0.38101,2449.486,pF
coss,0.39384,2449.067,pF
coss,0.40667,2448.649,pF
coss,0.41949,2448.23,pF
coss,0.43232,2447.811,pF
coss,0.44515,2447.392,pF
coss,0.45797,2446.973,pF
coss,0.4708,2446.555,pF
coss,0.48363,2446.136,pF
coss,0.49645,2445.717,pF
coss,0.50928,2445.298,pF
coss,0.52211,2444.879,pF
coss,0.52211,2444.879,pF
coss,0.55546,2443.801,pF
coss,0.58881,2442.722,pF
coss,0.62216,2441.644,pF
coss,0.65551,2440.565,pF
coss,0.68887,2439.487,pF
coss,0.72222,2438.408,pF
coss,0.75557,2437.329,pF
coss,0.78892,2436.251,pF
coss,0.82227,2435.172,pF
coss,0.85563,2434.094,pF
coss,0.88898,2433.015,pF
coss,0.92233,2431.936,pF
coss,0.95568,2430.858,pF
coss,0.98903,2429.779,pF
coss,1.02239,2428.701,pF
coss,1.05574,2427.622,pF
coss,1.08909,2426.544,pF
coss,1.12244,2425.465,pF
coss,1.15579,2424.386,pF
coss,1.18915,2423.308,pF
coss,1.2225,2422.229,pF
coss,1.25585,2421.151,pF
coss,1.2892,2420.072,pF
coss,1.32255,2418.994,pF
coss,1.3559,2417.915,pF
coss,1.38926,2416.836,pF
coss,1.42261,2415.758,pF
coss,1.45596,2414.679,pF
coss,1.48931,2413.601,pF
coss,1.52266,2412.522,pF
coss,1.55602,2411.443,pF
coss,1.58937,2410.365,pF
coss,1.62272,2409.286,pF
coss,1.65607,2408.208,pF
coss,1.68942,2407.129,pF
coss,1.72278,2406.051,pF
coss,1.75613,2404.972,pF
coss,1.78948,2403.893,pF
coss,1.82283,2402.815,pF
coss,1.82283,2402.815,pF
coss,1.85106,2401.85,pF
coss,1.87928,2400.886,pF
coss,1.9075,2399.922,pF
coss,1.93573,2398.957,pF
coss,1.96395,2397.993,pF
coss,1.99218,2397.028,pF
coss,2.0204,2396.064,pF
coss,2.04862,2395.1,pF
coss,2.07685,2394.135,pF
coss,2.10507,2393.171,pF
coss,2.1333,2392.206,pF
coss,2.16152,2391.242,pF
coss,2.18975,2390.278,pF
coss,2.21797,2389.313,pF
coss,2.24619,2388.349,pF
coss,2.27442,2387.384,pF
coss,2.30264,2386.42,pF
coss,2.33087,2385.456,pF
coss,2.35909,2384.491,pF
coss,2.38731,2383.527,pF
coss,2.41554,2382.562,pF
coss,2.44376,2381.598,pF
coss,2.47199,2380.634,pF
coss,2.50021,2379.669,pF
coss,2.52843,2378.705,pF
coss,2.55666,2377.74,pF
coss,2.58488,2376.776,pF
coss,2.61311,2375.812,pF
coss,2.64133,2374.847,pF
coss,2.66955,2373.883,pF
coss,2.69778,2372.918,pF
coss,2.726,2371.954,pF
coss,2.75423,2370.99,pF
coss,2.78245,2370.025,pF
coss,2.81068,2369.061,pF
coss,2.8389,2368.096,pF
coss,2.86712,2367.132,pF
coss,2.89535,2366.168,pF
coss,2.92357,2365.203,pF
coss,2.92357,2365.203,pF
coss,2.95179,2364.19,pF
coss,2.98001,2363.177,pF
coss,3.00823,2362.164,pF
coss,3.03645,2361.151,pF
coss,3.06467,2360.138,pF
coss,3.09289,2359.125,pF
coss,3.12111,2358.112,pF
coss,3.14933,2357.099,pF
coss,3.17755,2356.086,pF
coss,3.20577,2355.073,pF
coss,3.23399,2354.06,pF
coss,3.2622,2353.047,pF
coss,3.29042,2352.034,pF
coss,3.31864,2351.021,pF
coss,3.34686,2350.008,pF
coss,3.37508,2348.995,pF
coss,3.4033,2347.982,pF
coss,3.43152,2346.969,pF
coss,3.45974,2345.956,pF
coss,3.48796,2344.943,pF
coss,3.51618,2343.93,pF
coss,3.5444,2342.917,pF
coss,3.57262,2341.904,pF
coss,3.60084,2340.891,pF
coss,3.62906,2339.878,pF
coss,3.65728,2338.865,pF
coss,3.6855,2337.852,pF
coss,3.71372,2336.839,pF
coss,3.74193,2335.826,pF
coss,3.77015,2334.813,pF
coss,3.79837,2333.801,pF
coss,3.82659,2332.788,pF
coss,3.85481,2331.775,pF
coss,3.88303,2330.762,pF
coss,3.91125,2329.749,pF
coss,3.93947,2328.736,pF
coss,3.96769,2327.723,pF
coss,3.99591,2326.71,pF
coss,4.02413,2325.697,pF
coss,4.02413,2325.697,pF
coss,4.04722,2324.824,pF
coss,4.07031,2323.952,pF
coss,4.0934,2323.08,pF
coss,4.11649,2322.207,pF
coss,4.13959,2321.335,pF
coss,4.16268,2320.462,pF
coss,4.18577,2319.59,pF
coss,4.20886,2318.718,pF
coss,4.23195,2317.845,pF
coss,4.25504,2316.973,pF
coss,4.27814,2316.101,pF
coss,4.30123,2315.228,pF
coss,4.32432,2314.356,pF
coss,4.34741,2313.484,pF
coss,4.3705,2312.611,pF
coss,4.39359,2311.739,pF
coss,4.41669,2310.867,pF
coss,4.43978,2309.994,pF
coss,4.46287,2309.122,pF
coss,4.48596,2308.25,pF
coss,4.50905,2307.377,pF
coss,4.53214,2306.505,pF
coss,4.55524,2305.633,pF
coss,4.57833,2304.76,pF
coss,4.60142,2303.888,pF
coss,4.62451,2303.016,pF
coss,4.6476,2302.143,pF
coss,4.67069,2301.271,pF
coss,4.69379,2300.399,pF
coss,4.71688,2299.526,pF
coss,4.73997,2298.654,pF
coss,4.76306,2297.782,pF
coss,4.78615,2296.909,pF
coss,4.80924,2296.037,pF
coss,4.83233,2295.165,pF
coss,4.85543,2294.292,pF
coss,4.87852,2293.42,pF
coss,4.90161,2292.547,pF
coss,4.9247,2291.675,pF
coss,4.9247,2291.675,pF
coss,4.94266,2290.956,pF
coss,4.96062,2290.236,pF
coss,4.97858,2289.517,pF
coss,4.99654,2288.797,pF
coss,5.0145,2288.078,pF
coss,5.03246,2287.358,pF
coss,5.05041,2286.639,pF
coss,5.06837,2285.92,pF
coss,5.08633,2285.2,pF
coss,5.10429,2284.481,pF
coss,5.12225,2283.761,pF
coss,5.14021,2283.042,pF
coss,5.15817,2282.322,pF
coss,5.17613,2281.603,pF
coss,5.19409,2280.883,pF
coss,5.21205,2280.164,pF
coss,5.23001,2279.445,pF
coss,5.24796,2278.725,pF
coss,5.26592,2278.006,pF
coss,5.28388,2277.286,pF
coss,5.30184,2276.567,pF
coss,5.3198,2275.847,pF
coss,5.33776,2275.128,pF
coss,5.35572,2274.408,pF
coss,5.37368,2273.689,pF
coss,5.39164,2272.97,pF
coss,5.4096,2272.25,pF
coss,5.42756,2271.531,pF
coss,5.44551,2270.811,pF
coss,5.46347,2270.092,pF
coss,5.48143,2269.372,pF
coss,5.49939,2268.653,pF
coss,5.51735,2267.933,pF
coss,5.53531,2267.214,pF
coss,5.55327,2266.494,pF
coss,5.57123,2265.775,pF
coss,5.58919,2265.056,pF
coss,5.60715,2264.336,pF
coss,5.62511,2263.617,pF
coss,5.62511,2263.617,pF
coss,5.64049,2262.958,pF
coss,5.65588,2262.299,pF
coss,5.67127,2261.64,pF
coss,5.68666,2260.981,pF
coss,5.70205,2260.322,pF
coss,5.71743,2259.663,pF
coss,5.73282,2259.004,pF
coss,5.74821,2258.345,pF
coss,5.7636,2257.686,pF
coss,5.77899,2257.027,pF
coss,5.79437,2256.368,pF
coss,5.80976,2255.709,pF
coss,5.82515,2255.05,pF
coss,5.84054,2254.391,pF
coss,5.85593,2253.732,pF
coss,5.87131,2253.073,pF
coss,5.8867,2252.414,pF
coss,5.90209,2251.755,pF
coss,5.91748,2251.096,pF
coss,5.93287,2250.437,pF
coss,5.94825,2249.778,pF
coss,5.96364,2249.119,pF
coss,5.97903,2248.46,pF
coss,5.99442,2247.801,pF
coss,6.00981,2247.142,pF
coss,6.0252,2246.483,pF
coss,6.04058,2245.824,pF
coss,6.05597,2245.165,pF
coss,6.07136,2244.506,pF
coss,6.08675,2243.847,pF
coss,6.10214,2243.188,pF
coss,6.11752,2242.529,pF
coss,6.13291,2241.87,pF
coss,6.1483,2241.211,pF
coss,6.16369,2240.552,pF
coss,6.17908,2239.893,pF
coss,6.19446,2239.234,pF
coss,6.20985,2238.575,pF
coss,6.22524,2237.916,pF
coss,6.22524,2237.916,pF
coss,6.23807,2237.323,pF
coss,6.25089,2236.73,pF
coss,6.26372,2236.138,pF
coss,6.27655,2235.545,pF
coss,6.28937,2234.953,pF
coss,6.3022,2234.36,pF
coss,6.31503,2233.767,pF
coss,6.32785,2233.175,pF
coss,6.34068,2232.582,pF
coss,6.35351,2231.989,pF
coss,6.36633,2231.397,pF
coss,6.37916,2230.804,pF
coss,6.39199,2230.212,pF
coss,6.40481,2229.619,pF
coss,6.41764,2229.026,pF
coss,6.43046,2228.434,pF
coss,6.44329,2227.841,pF
coss,6.45612,2227.248,pF
coss,6.46894,2226.656,pF
coss,6.48177,2226.063,pF
coss,6.4946,2225.471,pF
coss,6.50742,2224.878,pF
coss,6.52025,2224.285,pF
coss,6.53308,2223.693,pF
coss,6.5459,2223.1,pF
coss,6.55873,2222.507,pF
coss,6.57156,2221.915,pF
coss,6.58438,2221.322,pF
coss,6.59721,2220.73,pF
coss,6.61004,2220.137,pF
coss,6.62286,2219.544,pF
coss,6.63569,2218.952,pF
coss,6.64852,2218.359,pF
coss,6.66134,2217.766,pF
coss,6.67417,2217.174,pF
coss,6.687,2216.581,pF
coss,6.69982,2215.989,pF
coss,6.71265,2215.396,pF
coss,6.72548,2214.803,pF
coss,6.72548,2214.803,pF
coss,6.7383,2214.159,pF
coss,6.75113,2213.515,pF
coss,6.76395,2212.871,pF
coss,6.77678,2212.227,pF
coss,6.78961,2211.583,pF
coss,6.80243,2210.939,pF
coss,6.81526,2210.295,pF
coss,6.82809,2209.651,pF
coss,6.84091,2209.007,pF
coss,6.85374,2208.363,pF
coss,6.86657,2207.719,pF
coss,6.87939,2207.076,pF
coss,6.89222,2206.432,pF
coss,6.90505,2205.788,pF
coss,6.91787,2205.144,pF
coss,6.9307,2204.5,pF
coss,6.94353,2203.856,pF
coss,6.95635,2203.212,pF
coss,6.96918,2202.568,pF
coss,6.98201,2201.924,pF
coss,6.99483,2201.28,pF
coss,7.00766,2200.636,pF
coss,7.02049,2199.992,pF
coss,7.03331,2199.348,pF
coss,7.04614,2198.704,pF
coss,7.05897,2198.06,pF
coss,7.07179,2197.416,pF
coss,7.08462,2196.772,pF
coss,7.09745,2196.128,pF
coss,7.11027,2195.484,pF
coss,7.1231,2194.84,pF
coss,7.13592,2194.196,pF
coss,7.14875,2193.552,pF
coss,7.16158,2192.908,pF
coss,7.1744,2192.264,pF
coss,7.18723,2191.62,pF
coss,7.20006,2190.976,pF
coss,7.21288,2190.332,pF
coss,7.22571,2189.688,pF
coss,7.22571,2189.688,pF
coss,7.23598,2189.126,pF
coss,7.24624,2188.565,pF
coss,7.25651,2188.004,pF
coss,7.26677,2187.442,pF
coss,7.27704,2186.881,pF
coss,7.2873,2186.319,pF
coss,7.29757,2185.758,pF
coss,7.30783,2185.197,pF
coss,7.3181,2184.635,pF
coss,7.32836,2184.074,pF
coss,7.33863,2183.512,pF
coss,7.34889,2182.951,pF
coss,7.35916,2182.389,pF
coss,7.36942,2181.828,pF
coss,7.37969,2181.267,pF
coss,7.38995,2180.705,pF
coss,7.40022,2180.144,pF
coss,7.41048,2179.582,pF
coss,7.42075,2179.021,pF
coss,7.43101,2178.46,pF
coss,7.44128,2177.898,pF
coss,7.45154,2177.337,pF
coss,7.46181,2176.775,pF
coss,7.47207,2176.214,pF
coss,7.48234,2175.653,pF
coss,7.4926,2175.091,pF
coss,7.50287,2174.53,pF
coss,7.51313,2173.968,pF
coss,7.5234,2173.407,pF
coss,7.53366,2172.845,pF
coss,7.54393,2172.284,pF
coss,7.55419,2171.723,pF
coss,7.56446,2171.161,pF
coss,7.57472,2170.6,pF
coss,7.58499,2170.038,pF
coss,7.59525,2169.477,pF
coss,7.60552,2168.916,pF
coss,7.61578,2168.354,pF
coss,7.62605,2167.793,pF
coss,7.62605,2167.793,pF
coss,7.63631,2167.183,pF
coss,7.64657,2166.574,pF
coss,7.65683,2165.964,pF
coss,7.66709,2165.354,pF
coss,7.67735,2164.745,pF
coss,7.68761,2164.135,pF
coss,7.69787,2163.525,pF
coss,7.70813,2162.916,pF
coss,7.71839,2162.306,pF
coss,7.72865,2161.697,pF
coss,7.73891,2161.087,pF
coss,7.74917,2160.477,pF
coss,7.75943,2159.868,pF
coss,7.76969,2159.258,pF
coss,7.77995,2158.649,pF
coss,7.79021,2158.039,pF
coss,7.80047,2157.429,pF
coss,7.81073,2156.82,pF
coss,7.82099,2156.21,pF
coss,7.83125,2155.6,pF
coss,7.84151,2154.991,pF
coss,7.85177,2154.381,pF
coss,7.86203,2153.772,pF
coss,7.87229,2153.162,pF
coss,7.88256,2152.552,pF
coss,7.89282,2151.943,pF
coss,7.90308,2151.333,pF
coss,7.91334,2150.724,pF
coss,7.9236,2150.114,pF
coss,7.93386,2149.504,pF
coss,7.94412,2148.895,pF
coss,7.95438,2148.285,pF
coss,7.96464,2147.675,pF
coss,7.9749,2147.066,pF
coss,7.98516,2146.456,pF
coss,7.99542,2145.847,pF
coss,8.00568,2145.237,pF
coss,8.01594,2144.627,pF
coss,8.0262,2144.018,pF
coss,8.0262,2144.018,pF
coss,8.03646,2143.354,pF
coss,8.04672,2142.69,pF
coss,8.05698,2142.027,pF
coss,8.06724,2141.363,pF
coss,8.0775,2140.699,pF
coss,8.08776,2140.035,pF
coss,8.09802,2139.372,pF
coss,8.10828,2138.708,pF
coss,8.11854,2138.044,pF
coss,8.1288,2137.38,pF
coss,8.13906,2136.717,pF
coss,8.14932,2136.053,pF
coss,8.15958,2135.389,pF
coss,8.16984,2134.725,pF
coss,8.1801,2134.062,pF
coss,8.19036,2133.398,pF
coss,8.20062,2132.734,pF
coss,8.21088,2132.07,pF
coss,8.22115,2131.407,pF
coss,8.23141,2130.743,pF
coss,8.24167,2130.079,pF
coss,8.25193,2129.416,pF
coss,8.26219,2128.752,pF
coss,8.27245,2128.088,pF
coss,8.28271,2127.424,pF
coss,8.29297,2126.761,pF
coss,8.30323,2126.097,pF
coss,8.31349,2125.433,pF
coss,8.32375,2124.769,pF
coss,8.33401,2124.106,pF
coss,8.34427,2123.442,pF
coss,8.35453,2122.778,pF
coss,8.36479,2122.114,pF
coss,8.37505,2121.451,pF
coss,8.38531,2120.787,pF
coss,8.39557,2120.123,pF
coss,8.40583,2119.459,pF
coss,8.41609,2118.796,pF
coss,8.42635,2118.132,pF
coss,8.42635,2118.132,pF
coss,8.43662,2117.412,pF
coss,8.44688,2116.692,pF
coss,8.45715,2115.972,pF
coss,8.46741,2115.253,pF
coss,8.47768,2114.533,pF
coss,8.48794,2113.813,pF
coss,8.49821,2113.093,pF
coss,8.50847,2112.373,pF
coss,8.51874,2111.653,pF
coss,8.529,2110.934,pF
coss,8.53927,2110.214,pF
coss,8.54953,2109.494,pF
coss,8.5598,2108.774,pF
coss,8.57006,2108.054,pF
coss,8.58033,2107.334,pF
coss,8.59059,2106.614,pF
coss,8.60086,2105.895,pF
coss,8.61112,2105.175,pF
coss,8.62139,2104.455,pF
coss,8.63165,2103.735,pF
coss,8.64192,2103.015,pF
coss,8.65218,2102.295,pF
coss,8.66245,2101.576,pF
coss,8.67271,2100.856,pF
coss,8.68298,2100.136,pF
coss,8.69324,2099.416,pF
coss,8.70351,2098.696,pF
coss,8.71377,2097.976,pF
coss,8.72404,2097.257,pF
coss,8.7343,2096.537,pF
coss,8.74457,2095.817,pF
coss,8.75483,2095.097,pF
coss,8.7651,2094.377,pF
coss,8.77536,2093.657,pF
coss,8.78563,2092.937,pF
coss,8.79589,2092.218,pF
coss,8.80616,2091.498,pF
coss,8.81642,2090.778,pF
coss,8.82669,2090.058,pF
coss,8.82669,2090.058,pF
coss,8.83695,2089.283,pF
coss,8.84721,2088.508,pF
coss,8.85747,2087.733,pF
coss,8.86773,2086.957,pF
coss,8.87799,2086.182,pF
coss,8.88825,2085.407,pF
coss,8.89851,2084.632,pF
coss,8.90877,2083.857,pF
coss,8.91903,2083.082,pF
coss,8.92929,2082.307,pF
coss,8.93955,2081.531,pF
coss,8.94981,2080.756,pF
coss,8.96007,2079.981,pF
coss,8.97033,2079.206,pF
coss,8.98059,2078.431,pF
coss,8.99085,2077.656,pF
coss,9.00111,2076.88,pF
coss,9.01137,2076.105,pF
coss,9.02163,2075.33,pF
coss,9.03189,2074.555,pF
coss,9.04215,2073.78,pF
coss,9.05241,2073.005,pF
coss,9.06267,2072.23,pF
coss,9.07294,2071.454,pF
coss,9.0832,2070.679,pF
coss,9.09346,2069.904,pF
coss,9.10372,2069.129,pF
coss,9.11398,2068.354,pF
coss,9.12424,2067.579,pF
coss,9.1345,2066.803,pF
coss,9.14476,2066.028,pF
coss,9.15502,2065.253,pF
coss,9.16528,2064.478,pF
coss,9.17554,2063.703,pF
coss,9.1858,2062.928,pF
coss,9.19606,2062.152,pF
coss,9.20632,2061.377,pF
coss,9.21658,2060.602,pF
coss,9.22684,2059.827,pF
coss,9.22684,2059.827,pF
coss,9.2371,2059.001,pF
coss,9.24737,2058.174,pF
coss,9.25764,2057.347,pF
coss,9.2679,2056.521,pF
coss,9.27817,2055.694,pF
coss,9.28843,2054.868,pF
coss,9.2987,2054.041,pF
coss,9.30896,2053.215,pF
coss,9.31923,2052.388,pF
coss,9.32949,2051.562,pF
coss,9.33976,2050.735,pF
coss,9.35002,2049.909,pF
coss,9.36029,2049.082,pF
coss,9.37055,2048.256,pF
coss,9.38082,2047.429,pF
coss,9.39108,2046.603,pF
coss,9.40135,2045.776,pF
coss,9.41161,2044.95,pF
coss,9.42188,2044.123,pF
coss,9.43214,2043.297,pF
coss,9.44241,2042.47,pF
coss,9.45267,2041.644,pF
coss,9.46294,2040.817,pF
coss,9.4732,2039.991,pF
coss,9.48347,2039.164,pF
coss,9.49373,2038.338,pF
coss,9.504,2037.511,pF
coss,9.51426,2036.685,pF
coss,9.52453,2035.858,pF
coss,9.53479,2035.032,pF
coss,9.54506,2034.205,pF
coss,9.55532,2033.379,pF
coss,9.56559,2032.552,pF
coss,9.57585,2031.726,pF
coss,9.58612,2030.899,pF
coss,9.59638,2030.073,pF
coss,9.60665,2029.246,pF
coss,9.61691,2028.42,pF
coss,9.62718,2027.593,pF
coss,9.62718,2027.593,pF
coss,9.64,2026.503,pF
coss,9.65283,2025.413,pF
coss,9.66566,2024.323,pF
coss,9.67848,2023.233,pF
coss,9.69131,2022.143,pF
coss,9.70414,2021.053,pF
coss,9.71696,2019.963,pF
coss,9.72979,2018.873,pF
coss,9.74262,2017.783,pF
coss,9.75544,2016.693,pF
coss,9.76827,2015.603,pF
coss,9.7811,2014.513,pF
coss,9.79392,2013.423,pF
coss,9.80675,2012.333,pF
coss,9.81957,2011.242,pF
coss,9.8324,2010.152,pF
coss,9.84523,2009.062,pF
coss,9.85805,2007.972,pF
coss,9.87088,2006.882,pF
coss,9.88371,2005.792,pF
coss,9.89653,2004.702,pF
coss,9.90936,2003.612,pF
coss,9.92219,2002.522,pF
coss,9.93501,2001.432,pF
coss,9.94784,2000.342,pF
coss,9.96067,1999.252,pF
coss,9.97349,1998.162,pF
coss,9.98632,1997.072,pF
coss,9.99915,1995.982,pF
coss,10.01197,1994.892,pF
coss,10.0248,1993.802,pF
coss,10.03763,1992.712,pF
coss,10.05045,1991.622,pF
coss,10.06328,1990.532,pF
coss,10.07611,1989.442,pF
coss,10.08893,1988.352,pF
coss,10.10176,1987.262,pF
coss,10.11459,1986.172,pF
coss,10.12741,1985.082,pF
coss,10.12741,1985.082,pF
coss,10.14281,1983.715,pF
coss,10.1582,1982.349,pF
coss,10.17359,1980.983,pF
coss,10.18898,1979.617,pF
coss,10.20438,1978.251,pF
coss,10.21977,1976.884,pF
coss,10.23516,1975.518,pF
coss,10.25056,1974.152,pF
coss,10.26595,1972.786,pF
coss,10.28134,1971.42,pF
coss,10.29673,1970.053,pF
coss,10.31213,1968.687,pF
coss,10.32752,1967.321,pF
coss,10.34291,1965.955,pF
coss,10.35831,1964.589,pF
coss,10.3737,1963.222,pF
coss,10.38909,1961.856,pF
coss,10.40448,1960.49,pF
coss,10.41988,1959.124,pF
coss,10.43527,1957.758,pF
coss,10.45066,1956.391,pF
coss,10.46605,1955.025,pF
coss,10.48145,1953.659,pF
coss,10.49684,1952.293,pF
coss,10.51223,1950.927,pF
coss,10.52763,1949.56,pF
coss,10.54302,1948.194,pF
coss,10.55841,1946.828,pF
coss,10.5738,1945.462,pF
coss,10.5892,1944.096,pF
coss,10.60459,1942.729,pF
coss,10.61998,1941.363,pF
coss,10.63538,1939.997,pF
coss,10.65077,1938.631,pF
coss,10.66616,1937.265,pF
coss,10.68155,1935.898,pF
coss,10.69695,1934.532,pF
coss,10.71234,1933.166,pF
coss,10.72773,1931.8,pF
coss,10.72773,1931.8,pF
coss,10.74569,1930.144,pF
coss,10.76365,1928.488,pF
coss,10.78161,1926.832,pF
coss,10.79957,1925.177,pF
coss,10.81753,1923.521,pF
coss,10.83549,1921.865,pF
coss,10.85345,1920.209,pF
coss,10.87141,1918.553,pF
coss,10.88936,1916.898,pF
coss,10.90732,1915.242,pF
coss,10.92528,1913.586,pF
coss,10.94324,1911.93,pF
coss,10.9612,1910.274,pF
coss,10.97916,1908.619,pF
coss,10.99712,1906.963,pF
coss,11.01508,1905.307,pF
coss,11.03304,1903.651,pF
coss,11.051,1901.996,pF
coss,11.06896,1900.34,pF
coss,11.08691,1898.684,pF
coss,11.10487,1897.028,pF
coss,11.12283,1895.372,pF
coss,11.14079,1893.717,pF
coss,11.15875,1892.061,pF
coss,11.17671,1890.405,pF
coss,11.19467,1888.749,pF
coss,11.21263,1887.093,pF
coss,11.23059,1885.438,pF
coss,11.24855,1883.782,pF
coss,11.2665,1882.126,pF
coss,11.28446,1880.47,pF
coss,11.30242,1878.814,pF
coss,11.32038,1877.159,pF
coss,11.33834,1875.503,pF
coss,11.3563,1873.847,pF
coss,11.37426,1872.191,pF
coss,11.39222,1870.535,pF
coss,11.41018,1868.88,pF
coss,11.42814,1867.224,pF
coss,11.42814,1867.224,pF
coss,11.44096,1865.979,pF
coss,11.45379,1864.734,pF
coss,11.46662,1863.489,pF
coss,11.47944,1862.244,pF
coss,11.49227,1860.999,pF
coss,11.5051,1859.754,pF
coss,11.51792,1858.509,pF
coss,11.53075,1857.265,pF
coss,11.54358,1856.02,pF
coss,11.5564,1854.775,pF
coss,11.56923,1853.53,pF
coss,11.58206,1852.285,pF
coss,11.59488,1851.04,pF
coss,11.60771,1849.795,pF
coss,11.62053,1848.55,pF
coss,11.63336,1847.305,pF
coss,11.64619,1846.06,pF
coss,11.65901,1844.815,pF
coss,11.67184,1843.571,pF
coss,11.68467,1842.326,pF
coss,11.69749,1841.081,pF
coss,11.71032,1839.836,pF
coss,11.72315,1838.591,pF
coss,11.73597,1837.346,pF
coss,11.7488,1836.101,pF
coss,11.76163,1834.856,pF
coss,11.77445,1833.611,pF
coss,11.78728,1832.366,pF
coss,11.80011,1831.121,pF
coss,11.81293,1829.877,pF
coss,11.82576,1828.632,pF
coss,11.83859,1827.387,pF
coss,11.85141,1826.142,pF
coss,11.86424,1824.897,pF
coss,11.87707,1823.652,pF
coss,11.88989,1822.407,pF
coss,11.90272,1821.162,pF
coss,11.91555,1819.917,pF
coss,11.92837,1818.672,pF
coss,11.92837,1818.672,pF
coss,11.93864,1817.611,pF
coss,11.9489,1816.549,pF
coss,11.95917,1815.488,pF
coss,11.96943,1814.426,pF
coss,11.9797,1813.364,pF
coss,11.98996,1812.303,pF
coss,12.00023,1811.241,pF
coss,12.01049,1810.18,pF
coss,12.02076,1809.118,pF
coss,12.03102,1808.056,pF
coss,12.04129,1806.995,pF
coss,12.05155,1805.933,pF
coss,12.06182,1804.872,pF
coss,12.07208,1803.81,pF
coss,12.08235,1802.749,pF
coss,12.09261,1801.687,pF
coss,12.10288,1800.625,pF
coss,12.11314,1799.564,pF
coss,12.12341,1798.502,pF
coss,12.13367,1797.441,pF
coss,12.14394,1796.379,pF
coss,12.1542,1795.317,pF
coss,12.16447,1794.256,pF
coss,12.17473,1793.194,pF
coss,12.185,1792.133,pF
coss,12.19526,1791.071,pF
coss,12.20553,1790.01,pF
coss,12.21579,1788.948,pF
coss,12.22606,1787.886,pF
coss,12.23632,1786.825,pF
coss,12.24659,1785.763,pF
coss,12.25685,1784.702,pF
coss,12.26712,1783.64,pF
coss,12.27738,1782.578,pF
coss,12.28765,1781.517,pF
coss,12.29791,1780.455,pF
coss,12.30818,1779.394,pF
coss,12.31844,1778.332,pF
coss,12.32871,1777.27,pF
coss,12.32871,1777.27,pF
coss,12.3364,1776.419,pF
coss,12.3441,1775.568,pF
coss,12.35179,1774.717,pF
coss,12.35949,1773.866,pF
coss,12.36718,1773.015,pF
coss,12.37487,1772.164,pF
coss,12.38257,1771.313,pF
coss,12.39026,1770.462,pF
coss,12.39796,1769.611,pF
coss,12.40565,1768.76,pF
coss,12.41334,1767.909,pF
coss,12.42104,1767.058,pF
coss,12.42873,1766.207,pF
coss,12.43643,1765.356,pF
coss,12.44412,1764.505,pF
coss,12.45181,1763.654,pF
coss,12.45951,1762.803,pF
coss,12.4672,1761.952,pF
coss,12.4749,1761.101,pF
coss,12.48259,1760.25,pF
coss,12.49028,1759.399,pF
coss,12.49798,1758.548,pF
coss,12.50567,1757.697,pF
coss,12.51337,1756.846,pF
coss,12.52106,1755.995,pF
coss,12.52875,1755.144,pF
coss,12.53645,1754.293,pF
coss,12.54414,1753.442,pF
coss,12.55183,1752.591,pF
coss,12.55953,1751.74,pF
coss,12.56722,1750.889,pF
coss,12.57492,1750.038,pF
coss,12.58261,1749.187,pF
coss,12.5903,1748.336,pF
coss,12.598,1747.485,pF
coss,12.60569,1746.634,pF
coss,12.61339,1745.783,pF
coss,12.62108,1744.932,pF
coss,12.62877,1744.081,pF
coss,12.62877,1744.081,pF
coss,12.63647,1743.172,pF
coss,12.64417,1742.263,pF
coss,12.65187,1741.354,pF
coss,12.65957,1740.445,pF
coss,12.66727,1739.536,pF
coss,12.67497,1738.627,pF
coss,12.68267,1737.717,pF
coss,12.69037,1736.808,pF
coss,12.69806,1735.899,pF
coss,12.70576,1734.99,pF
coss,12.71346,1734.081,pF
coss,12.72116,1733.172,pF
coss,12.72886,1732.263,pF
coss,12.73656,1731.354,pF
coss,12.74426,1730.445,pF
coss,12.75196,1729.536,pF
coss,12.75965,1728.627,pF
coss,12.76735,1727.717,pF
coss,12.77505,1726.808,pF
coss,12.78275,1725.899,pF
coss,12.79045,1724.99,pF
coss,12.79815,1724.081,pF
coss,12.80585,1723.172,pF
coss,12.81355,1722.263,pF
coss,12.82125,1721.354,pF
coss,12.82894,1720.445,pF
coss,12.83664,1719.536,pF
coss,12.84434,1718.627,pF
coss,12.85204,1717.718,pF
coss,12.85974,1716.808,pF
coss,12.86744,1715.899,pF
coss,12.87514,1714.99,pF
coss,12.88284,1714.081,pF
coss,12.89054,1713.172,pF
coss,12.89823,1712.263,pF
coss,12.90593,1711.354,pF
coss,12.91363,1710.445,pF
coss,12.92133,1709.536,pF
coss,12.92903,1708.627,pF
coss,12.92903,1708.627,pF
coss,12.93672,1707.652,pF
coss,12.94442,1706.677,pF
coss,12.95211,1705.703,pF
coss,12.95981,1704.728,pF
coss,12.9675,1703.753,pF
coss,12.97519,1702.779,pF
coss,12.98289,1701.804,pF
coss,12.99058,1700.829,pF
coss,12.99828,1699.855,pF
coss,13.00597,1698.88,pF
coss,13.01366,1697.905,pF
coss,13.02136,1696.931,pF
coss,13.02905,1695.956,pF
coss,13.03675,1694.981,pF
coss,13.04444,1694.007,pF
coss,13.05213,1693.032,pF
coss,13.05983,1692.057,pF
coss,13.06752,1691.083,pF
coss,13.07522,1690.108,pF
coss,13.08291,1689.133,pF
coss,13.0906,1688.159,pF
coss,13.0983,1687.184,pF
coss,13.10599,1686.209,pF
coss,13.11369,1685.235,pF
coss,13.12138,1684.26,pF
coss,13.12907,1683.285,pF
coss,13.13677,1682.311,pF
coss,13.14446,1681.336,pF
coss,13.15216,1680.361,pF
coss,13.15985,1679.387,pF
coss,13.16754,1678.412,pF
coss,13.17524,1677.437,pF
coss,13.18293,1676.463,pF
coss,13.19063,1675.488,pF
coss,13.19832,1674.513,pF
coss,13.20602,1673.539,pF
coss,13.21371,1672.564,pF
coss,13.2214,1671.589,pF
coss,13.2291,1670.615,pF
coss,13.2291,1670.615,pF
coss,13.2368,1669.572,pF
coss,13.24449,1668.528,pF
coss,13.25219,1667.485,pF
coss,13.25989,1666.442,pF
coss,13.26759,1665.399,pF
coss,13.27529,1664.356,pF
coss,13.28299,1663.313,pF
coss,13.29069,1662.27,pF
coss,13.29839,1661.227,pF
coss,13.30608,1660.184,pF
coss,13.31378,1659.141,pF
coss,13.32148,1658.098,pF
coss,13.32918,1657.055,pF
coss,13.33688,1656.012,pF
coss,13.34458,1654.969,pF
coss,13.35228,1653.926,pF
coss,13.35998,1652.883,pF
coss,13.36768,1651.84,pF
coss,13.37537,1650.797,pF
coss,13.38307,1649.754,pF
coss,13.39077,1648.711,pF
coss,13.39847,1647.668,pF
coss,13.40617,1646.625,pF
coss,13.41387,1645.582,pF
coss,13.42157,1644.539,pF
coss,13.42927,1643.496,pF
coss,13.43696,1642.453,pF
coss,13.44466,1641.41,pF
coss,13.45236,1640.367,pF
coss,13.46006,1639.324,pF
coss,13.46776,1638.281,pF
coss,13.47546,1637.238,pF
coss,13.48316,1636.195,pF
coss,13.49086,1635.152,pF
coss,13.49855,1634.109,pF
coss,13.50625,1633.066,pF
coss,13.51395,1632.023,pF
coss,13.52165,1630.98,pF
coss,13.52935,1629.937,pF
coss,13.52935,1629.937,pF
coss,13.53961,1628.449,pF
coss,13.54987,1626.961,pF
coss,13.56013,1625.473,pF
coss,13.57039,1623.985,pF
coss,13.58065,1622.497,pF
coss,13.59091,1621.009,pF
coss,13.60117,1619.522,pF
coss,13.61143,1618.034,pF
coss,13.62169,1616.546,pF
coss,13.63195,1615.058,pF
coss,13.64221,1613.57,pF
coss,13.65247,1612.082,pF
coss,13.66273,1610.594,pF
coss,13.67299,1609.106,pF
coss,13.68325,1607.618,pF
coss,13.69351,1606.131,pF
coss,13.70377,1604.643,pF
coss,13.71403,1603.155,pF
coss,13.72429,1601.667,pF
coss,13.73455,1600.179,pF
coss,13.74481,1598.691,pF
coss,13.75508,1597.203,pF
coss,13.76534,1595.715,pF
coss,13.7756,1594.227,pF
coss,13.78586,1592.74,pF
coss,13.79612,1591.252,pF
coss,13.80638,1589.764,pF
coss,13.81664,1588.276,pF
coss,13.8269,1586.788,pF
coss,13.83716,1585.3,pF
coss,13.84742,1583.812,pF
coss,13.85768,1582.324,pF
coss,13.86794,1580.836,pF
coss,13.8782,1579.349,pF
coss,13.88846,1577.861,pF
coss,13.89872,1576.373,pF
coss,13.90898,1574.885,pF
coss,13.91924,1573.397,pF
coss,13.9295,1571.909,pF
coss,13.9295,1571.909,pF
coss,13.94233,1569.943,pF
coss,13.95515,1567.977,pF
coss,13.96798,1566.01,pF
coss,13.98081,1564.044,pF
coss,13.99363,1562.078,pF
coss,14.00646,1560.111,pF
coss,14.01929,1558.145,pF
coss,14.03211,1556.179,pF
coss,14.04494,1554.212,pF
coss,14.05777,1552.246,pF
coss,14.07059,1550.28,pF
coss,14.08342,1548.313,pF
coss,14.09625,1546.347,pF
coss,14.10907,1544.381,pF
coss,14.1219,1542.414,pF
coss,14.13473,1540.448,pF
coss,14.14755,1538.482,pF
coss,14.16038,1536.515,pF
coss,14.17321,1534.549,pF
coss,14.18603,1532.583,pF
coss,14.19886,1530.616,pF
coss,14.21168,1528.65,pF
coss,14.22451,1526.684,pF
coss,14.23734,1524.717,pF
coss,14.25016,1522.751,pF
coss,14.26299,1520.785,pF
coss,14.27582,1518.818,pF
coss,14.28864,1516.852,pF
coss,14.30147,1514.886,pF
coss,14.3143,1512.919,pF
coss,14.32712,1510.953,pF
coss,14.33995,1508.987,pF
coss,14.35278,1507.02,pF
coss,14.3656,1505.054,pF
coss,14.37843,1503.088,pF
coss,14.39126,1501.121,pF
coss,14.40408,1499.155,pF
coss,14.41691,1497.189,pF
coss,14.42974,1495.222,pF
coss,14.42974,1495.222,pF
coss,14.44513,1492.854,pF
coss,14.46053,1490.486,pF
coss,14.47593,1488.118,pF
coss,14.49133,1485.75,pF
coss,14.50672,1483.382,pF
coss,14.52212,1481.014,pF
coss,14.53752,1478.645,pF
coss,14.55292,1476.277,pF
coss,14.56831,1473.909,pF
coss,14.58371,1471.541,pF
coss,14.59911,1469.173,pF
coss,14.61451,1466.805,pF
coss,14.6299,1464.437,pF
coss,14.6453,1462.069,pF
coss,14.6607,1459.7,pF
coss,14.6761,1457.332,pF
coss,14.69149,1454.964,pF
coss,14.70689,1452.596,pF
coss,14.72229,1450.228,pF
coss,14.73769,1447.86,pF
coss,14.75308,1445.492,pF
coss,14.76848,1443.124,pF
coss,14.78388,1440.755,pF
coss,14.79928,1438.387,pF
coss,14.81467,1436.019,pF
coss,14.83007,1433.651,pF
coss,14.84547,1431.283,pF
coss,14.86087,1428.915,pF
coss,14.87626,1426.547,pF
coss,14.89166,1424.178,pF
coss,14.90706,1421.81,pF
coss,14.92246,1419.442,pF
coss,14.93786,1417.074,pF
coss,14.95325,1414.706,pF
coss,14.96865,1412.338,pF
coss,14.98405,1409.97,pF
coss,14.99945,1407.602,pF
coss,15.01484,1405.233,pF
coss,15.03024,1402.865,pF
coss,15.03024,1402.865,pF
coss,15.03793,1401.744,pF
coss,15.04563,1400.622,pF
coss,15.05332,1399.5,pF
coss,15.06102,1398.379,pF
coss,15.06871,1397.257,pF
coss,15.0764,1396.135,pF
coss,15.0841,1395.014,pF
coss,15.09179,1393.892,pF
coss,15.09949,1392.77,pF
coss,15.10718,1391.649,pF
coss,15.11488,1390.527,pF
coss,15.12257,1389.406,pF
coss,15.13026,1388.284,pF
coss,15.13796,1387.162,pF
coss,15.14565,1386.041,pF
coss,15.15335,1384.919,pF
coss,15.16104,1383.797,pF
coss,15.16873,1382.676,pF
coss,15.17643,1381.554,pF
coss,15.18412,1380.432,pF
coss,15.19182,1379.311,pF
coss,15.19951,1378.189,pF
coss,15.20721,1377.067,pF
coss,15.2149,1375.946,pF
coss,15.22259,1374.824,pF
coss,15.23029,1373.703,pF
coss,15.23798,1372.581,pF
coss,15.24568,1371.459,pF
coss,15.25337,1370.338,pF
coss,15.26106,1369.216,pF
coss,15.26876,1368.094,pF
coss,15.27645,1366.973,pF
coss,15.28415,1365.851,pF
coss,15.29184,1364.729,pF
coss,15.29953,1363.608,pF
coss,15.30723,1362.486,pF
coss,15.31492,1361.364,pF
coss,15.32262,1360.243,pF
coss,15.33031,1359.121,pF
coss,15.33031,1359.121,pF
coss,15.33801,1358.074,pF
coss,15.34571,1357.027,pF
coss,15.35341,1355.98,pF
coss,15.36111,1354.933,pF
coss,15.3688,1353.886,pF
coss,15.3765,1352.839,pF
coss,15.3842,1351.792,pF
coss,15.3919,1350.745,pF
coss,15.3996,1349.698,pF
coss,15.4073,1348.651,pF
coss,15.415,1347.605,pF
coss,15.4227,1346.558,pF
coss,15.43039,1345.511,pF
coss,15.43809,1344.464,pF
coss,15.44579,1343.417,pF
coss,15.45349,1342.37,pF
coss,15.46119,1341.323,pF
coss,15.46889,1340.276,pF
coss,15.47659,1339.229,pF
coss,15.48429,1338.182,pF
coss,15.49199,1337.135,pF
coss,15.49968,1336.088,pF
coss,15.50738,1335.041,pF
coss,15.51508,1333.994,pF
coss,15.52278,1332.947,pF
coss,15.53048,1331.9,pF
coss,15.53818,1330.853,pF
coss,15.54588,1329.806,pF
coss,15.55358,1328.759,pF
coss,15.56127,1327.712,pF
coss,15.56897,1326.665,pF
coss,15.57667,1325.618,pF
coss,15.58437,1324.571,pF
coss,15.59207,1323.524,pF
coss,15.59977,1322.477,pF
coss,15.60747,1321.43,pF
coss,15.61517,1320.383,pF
coss,15.62286,1319.336,pF
coss,15.63056,1318.289,pF
coss,15.63056,1318.289,pF
coss,15.63826,1317.333,pF
coss,15.64595,1316.377,pF
coss,15.65364,1315.421,pF
coss,15.66134,1314.465,pF
coss,15.66903,1313.509,pF
coss,15.67673,1312.553,pF
coss,15.68442,1311.597,pF
coss,15.69211,1310.641,pF
coss,15.69981,1309.684,pF
coss,15.7075,1308.728,pF
coss,15.7152,1307.772,pF
coss,15.72289,1306.816,pF
coss,15.73058,1305.86,pF
coss,15.73828,1304.904,pF
coss,15.74597,1303.948,pF
coss,15.75367,1302.992,pF
coss,15.76136,1302.036,pF
coss,15.76905,1301.079,pF
coss,15.77675,1300.123,pF
coss,15.78444,1299.167,pF
coss,15.79214,1298.211,pF
coss,15.79983,1297.255,pF
coss,15.80752,1296.299,pF
coss,15.81522,1295.343,pF
coss,15.82291,1294.387,pF
coss,15.83061,1293.431,pF
coss,15.8383,1292.474,pF
coss,15.84599,1291.518,pF
coss,15.85369,1290.562,pF
coss,15.86138,1289.606,pF
coss,15.86908,1288.65,pF
coss,15.87677,1287.694,pF
coss,15.88446,1286.738,pF
coss,15.89216,1285.782,pF
coss,15.89985,1284.826,pF
coss,15.90755,1283.87,pF
coss,15.91524,1282.913,pF
coss,15.92293,1281.957,pF
coss,15.93063,1281.001,pF
coss,15.93063,1281.001,pF
coss,15.93833,1280.145,pF
coss,15.94603,1279.289,pF
coss,15.95372,1278.433,pF
coss,15.96142,1277.577,pF
coss,15.96912,1276.72,pF
coss,15.97682,1275.864,pF
coss,15.98452,1275.008,pF
coss,15.99222,1274.152,pF
coss,15.99992,1273.296,pF
coss,16.00762,1272.44,pF
coss,16.01532,1271.584,pF
coss,16.02301,1270.727,pF
coss,16.03071,1269.871,pF
coss,16.03841,1269.015,pF
coss,16.04611,1268.159,pF
coss,16.05381,1267.303,pF
coss,16.06151,1266.447,pF
coss,16.06921,1265.591,pF
coss,16.07691,1264.734,pF
coss,16.0846,1263.878,pF
coss,16.0923,1263.022,pF
coss,16.1,1262.166,pF
coss,16.1077,1261.31,pF
coss,16.1154,1260.454,pF
coss,16.1231,1259.598,pF
coss,16.1308,1258.741,pF
coss,16.1385,1257.885,pF
coss,16.1462,1257.029,pF
coss,16.15389,1256.173,pF
coss,16.16159,1255.317,pF
coss,16.16929,1254.461,pF
coss,16.17699,1253.605,pF
coss,16.18469,1252.748,pF
coss,16.19239,1251.892,pF
coss,16.20009,1251.036,pF
coss,16.20779,1250.18,pF
coss,16.21548,1249.324,pF
coss,16.22318,1248.468,pF
coss,16.23088,1247.612,pF
coss,16.23088,1247.612,pF
coss,16.23601,1247.098,pF
coss,16.24114,1246.584,pF
coss,16.24627,1246.07,pF
coss,16.25139,1245.556,pF
coss,16.25652,1245.042,pF
coss,16.26165,1244.528,pF
coss,16.26678,1244.014,pF
coss,16.2719,1243.5,pF
coss,16.27703,1242.986,pF
coss,16.28216,1242.472,pF
coss,16.28729,1241.958,pF
coss,16.29242,1241.444,pF
coss,16.29754,1240.93,pF
coss,16.30267,1240.416,pF
coss,16.3078,1239.902,pF
coss,16.31293,1239.388,pF
coss,16.31805,1238.874,pF
coss,16.32318,1238.36,pF
coss,16.32831,1237.846,pF
coss,16.33344,1237.332,pF
coss,16.33857,1236.818,pF
coss,16.34369,1236.304,pF
coss,16.34882,1235.79,pF
coss,16.35395,1235.276,pF
coss,16.35908,1234.762,pF
coss,16.3642,1234.248,pF
coss,16.36933,1233.734,pF
coss,16.37446,1233.22,pF
coss,16.37959,1232.706,pF
coss,16.38471,1232.192,pF
coss,16.38984,1231.678,pF
coss,16.39497,1231.164,pF
coss,16.4001,1230.65,pF
coss,16.40523,1230.136,pF
coss,16.41035,1229.622,pF
coss,16.41548,1229.108,pF
coss,16.42061,1228.594,pF
coss,16.42574,1228.08,pF
coss,16.43086,1227.566,pF
coss,16.43086,1227.566,pF
coss,16.436,1227.095,pF
coss,16.44113,1226.625,pF
coss,16.44626,1226.155,pF
coss,16.45139,1225.685,pF
coss,16.45653,1225.215,pF
coss,16.46166,1224.745,pF
coss,16.46679,1224.275,pF
coss,16.47192,1223.804,pF
coss,16.47706,1223.334,pF
coss,16.48219,1222.864,pF
coss,16.48732,1222.394,pF
coss,16.49246,1221.924,pF
coss,16.49759,1221.454,pF
coss,16.50272,1220.983,pF
coss,16.50785,1220.513,pF
coss,16.51299,1220.043,pF
coss,16.51812,1219.573,pF
coss,16.52325,1219.103,pF
coss,16.52838,1218.633,pF
coss,16.53352,1218.163,pF
coss,16.53865,1217.692,pF
coss,16.54378,1217.222,pF
coss,16.54891,1216.752,pF
coss,16.55405,1216.282,pF
coss,16.55918,1215.812,pF
coss,16.56431,1215.342,pF
coss,16.56944,1214.871,pF
coss,16.57458,1214.401,pF
coss,16.57971,1213.931,pF
coss,16.58484,1213.461,pF
coss,16.58997,1212.991,pF
coss,16.59511,1212.521,pF
coss,16.60024,1212.051,pF
coss,16.60537,1211.58,pF
coss,16.6105,1211.11,pF
coss,16.61564,1210.64,pF
coss,16.62077,1210.17,pF
coss,16.6259,1209.7,pF
coss,16.63103,1209.23,pF
coss,16.63103,1209.23,pF
coss,16.63617,1208.803,pF
coss,16.6413,1208.376,pF
coss,16.64643,1207.948,pF
coss,16.65156,1207.521,pF
coss,16.6567,1207.094,pF
coss,16.66183,1206.667,pF
coss,16.66696,1206.24,pF
coss,16.67209,1205.813,pF
coss,16.67723,1205.386,pF
coss,16.68236,1204.959,pF
coss,16.68749,1204.532,pF
coss,16.69262,1204.105,pF
coss,16.69776,1203.678,pF
coss,16.70289,1203.251,pF
coss,16.70802,1202.823,pF
coss,16.71315,1202.396,pF
coss,16.71829,1201.969,pF
coss,16.72342,1201.542,pF
coss,16.72855,1201.115,pF
coss,16.73368,1200.688,pF
coss,16.73882,1200.261,pF
coss,16.74395,1199.834,pF
coss,16.74908,1199.407,pF
coss,16.75421,1198.98,pF
coss,16.75935,1198.553,pF
coss,16.76448,1198.126,pF
coss,16.76961,1197.698,pF
coss,16.77474,1197.271,pF
coss,16.77988,1196.844,pF
coss,16.78501,1196.417,pF
coss,16.79014,1195.99,pF
coss,16.79527,1195.563,pF
coss,16.80041,1195.136,pF
coss,16.80554,1194.709,pF
coss,16.81067,1194.282,pF
coss,16.8158,1193.855,pF
coss,16.82094,1193.428,pF
coss,16.82607,1193.001,pF
coss,16.8312,1192.573,pF
coss,16.8312,1192.573,pF
coss,16.83633,1192.185,pF
coss,16.84147,1191.798,pF
coss,16.8466,1191.41,pF
coss,16.85173,1191.022,pF
coss,16.85686,1190.634,pF
coss,16.862,1190.246,pF
coss,16.86713,1189.858,pF
coss,16.87226,1189.47,pF
coss,16.8774,1189.082,pF
coss,16.88253,1188.694,pF
coss,16.88766,1188.306,pF
coss,16.89279,1187.918,pF
coss,16.89793,1187.53,pF
coss,16.90306,1187.142,pF
coss,16.90819,1186.754,pF
coss,16.91332,1186.366,pF
coss,16.91846,1185.978,pF
coss,16.92359,1185.59,pF
coss,16.92872,1185.202,pF
coss,16.93385,1184.814,pF
coss,16.93899,1184.426,pF
coss,16.94412,1184.038,pF
coss,16.94925,1183.65,pF
coss,16.95438,1183.262,pF
coss,16.95952,1182.874,pF
coss,16.96465,1182.486,pF
coss,16.96978,1182.098,pF
coss,16.97491,1181.71,pF
coss,16.98005,1181.322,pF
coss,16.98518,1180.934,pF
coss,16.99031,1180.546,pF
coss,16.99544,1180.158,pF
coss,17.00058,1179.77,pF
coss,17.00571,1179.382,pF
coss,17.01084,1178.994,pF
coss,17.01597,1178.606,pF
coss,17.02111,1178.218,pF
coss,17.02624,1177.83,pF
coss,17.03137,1177.442,pF
coss,17.03137,1177.442,pF
coss,17.03907,1176.93,pF
coss,17.04676,1176.417,pF
coss,17.05445,1175.904,pF
coss,17.06215,1175.391,pF
coss,17.06984,1174.878,pF
coss,17.07754,1174.366,pF
coss,17.08523,1173.853,pF
coss,17.09292,1173.34,pF
coss,17.10062,1172.827,pF
coss,17.10831,1172.314,pF
coss,17.11601,1171.801,pF
coss,17.1237,1171.289,pF
coss,17.13139,1170.776,pF
coss,17.13909,1170.263,pF
coss,17.14678,1169.75,pF
coss,17.15448,1169.237,pF
coss,17.16217,1168.725,pF
coss,17.16986,1168.212,pF
coss,17.17756,1167.699,pF
coss,17.18525,1167.186,pF
coss,17.19295,1166.673,pF
coss,17.20064,1166.16,pF
coss,17.20833,1165.648,pF
coss,17.21603,1165.135,pF
coss,17.22372,1164.622,pF
coss,17.23142,1164.109,pF
coss,17.23911,1163.596,pF
coss,17.2468,1163.084,pF
coss,17.2545,1162.571,pF
coss,17.26219,1162.058,pF
coss,17.26989,1161.545,pF
coss,17.27758,1161.032,pF
coss,17.28527,1160.52,pF
coss,17.29297,1160.007,pF
coss,17.30066,1159.494,pF
coss,17.30836,1158.981,pF
coss,17.31605,1158.468,pF
coss,17.32374,1157.955,pF
coss,17.33144,1157.443,pF
coss,17.33144,1157.443,pF
coss,17.33913,1157.002,pF
coss,17.34683,1156.561,pF
coss,17.35452,1156.12,pF
coss,17.36221,1155.679,pF
coss,17.36991,1155.238,pF
coss,17.3776,1154.797,pF
coss,17.3853,1154.356,pF
coss,17.39299,1153.915,pF
coss,17.40068,1153.474,pF
coss,17.40838,1153.033,pF
coss,17.41607,1152.593,pF
coss,17.42377,1152.152,pF
coss,17.43146,1151.711,pF
coss,17.43915,1151.27,pF
coss,17.44685,1150.829,pF
coss,17.45454,1150.388,pF
coss,17.46224,1149.947,pF
coss,17.46993,1149.506,pF
coss,17.47762,1149.065,pF
coss,17.48532,1148.624,pF
coss,17.49301,1148.183,pF
coss,17.50071,1147.742,pF
coss,17.5084,1147.302,pF
coss,17.51609,1146.861,pF
coss,17.52379,1146.42,pF
coss,17.53148,1145.979,pF
coss,17.53918,1145.538,pF
coss,17.54687,1145.097,pF
coss,17.55456,1144.656,pF
coss,17.56226,1144.215,pF
coss,17.56995,1143.774,pF
coss,17.57765,1143.333,pF
coss,17.58534,1142.892,pF
coss,17.59303,1142.451,pF
coss,17.60073,1142.011,pF
coss,17.60842,1141.57,pF
coss,17.61612,1141.129,pF
coss,17.62381,1140.688,pF
coss,17.6315,1140.247,pF
coss,17.6315,1140.247,pF
coss,17.6392,1139.868,pF
coss,17.64689,1139.489,pF
coss,17.65459,1139.11,pF
coss,17.66228,1138.731,pF
coss,17.66997,1138.352,pF
coss,17.67767,1137.974,pF
coss,17.68536,1137.595,pF
coss,17.69306,1137.216,pF
coss,17.70075,1136.837,pF
coss,17.70844,1136.458,pF
coss,17.71614,1136.079,pF
coss,17.72383,1135.7,pF
coss,17.73153,1135.321,pF
coss,17.73922,1134.942,pF
coss,17.74691,1134.564,pF
coss,17.75461,1134.185,pF
coss,17.7623,1133.806,pF
coss,17.77,1133.427,pF
coss,17.77769,1133.048,pF
coss,17.78539,1132.669,pF
coss,17.79308,1132.29,pF
coss,17.80077,1131.911,pF
coss,17.80847,1131.532,pF
coss,17.81616,1131.154,pF
coss,17.82386,1130.775,pF
coss,17.83155,1130.396,pF
coss,17.83924,1130.017,pF
coss,17.84694,1129.638,pF
coss,17.85463,1129.259,pF
coss,17.86233,1128.88,pF
coss,17.87002,1128.501,pF
coss,17.87771,1128.123,pF
coss,17.88541,1127.744,pF
coss,17.8931,1127.365,pF
coss,17.9008,1126.986,pF
coss,17.90849,1126.607,pF
coss,17.91618,1126.228,pF
coss,17.92388,1125.849,pF
coss,17.93157,1125.47,pF
coss,17.93157,1125.47,pF
coss,17.93927,1125.142,pF
coss,17.94697,1124.815,pF
coss,17.95467,1124.487,pF
coss,17.96237,1124.159,pF
coss,17.97007,1123.831,pF
coss,17.97777,1123.503,pF
coss,17.98546,1123.175,pF
coss,17.99316,1122.847,pF
coss,18.00086,1122.519,pF
coss,18.00856,1122.191,pF
coss,18.01626,1121.863,pF
coss,18.02396,1121.535,pF
coss,18.03166,1121.207,pF
coss,18.03936,1120.88,pF
coss,18.04705,1120.552,pF
coss,18.05475,1120.224,pF
coss,18.06245,1119.896,pF
coss,18.07015,1119.568,pF
coss,18.07785,1119.24,pF
coss,18.08555,1118.912,pF
coss,18.09325,1118.584,pF
coss,18.10095,1118.256,pF
coss,18.10865,1117.928,pF
coss,18.11634,1117.6,pF
coss,18.12404,1117.272,pF
coss,18.13174,1116.945,pF
coss,18.13944,1116.617,pF
coss,18.14714,1116.289,pF
coss,18.15484,1115.961,pF
coss,18.16254,1115.633,pF
coss,18.17024,1115.305,pF
coss,18.17793,1114.977,pF
coss,18.18563,1114.649,pF
coss,18.19333,1114.321,pF
coss,18.20103,1113.993,pF
coss,18.20873,1113.665,pF
coss,18.21643,1113.338,pF
coss,18.22413,1113.01,pF
coss,18.23183,1112.682,pF
coss,18.23183,1112.682,pF
coss,18.23952,1112.397,pF
coss,18.24721,1112.113,pF
coss,18.25491,1111.828,pF
coss,18.2626,1111.544,pF
coss,18.2703,1111.259,pF
coss,18.27799,1110.975,pF
coss,18.28568,1110.69,pF
coss,18.29338,1110.406,pF
coss,18.30107,1110.122,pF
coss,18.30877,1109.837,pF
coss,18.31646,1109.553,pF
coss,18.32415,1109.268,pF
coss,18.33185,1108.984,pF
coss,18.33954,1108.699,pF
coss,18.34724,1108.415,pF
coss,18.35493,1108.13,pF
coss,18.36262,1107.846,pF
coss,18.37032,1107.561,pF
coss,18.37801,1107.277,pF
coss,18.38571,1106.992,pF
coss,18.3934,1106.708,pF
coss,18.40109,1106.424,pF
coss,18.40879,1106.139,pF
coss,18.41648,1105.855,pF
coss,18.42418,1105.57,pF
coss,18.43187,1105.286,pF
coss,18.43956,1105.001,pF
coss,18.44726,1104.717,pF
coss,18.45495,1104.432,pF
coss,18.46265,1104.148,pF
coss,18.47034,1103.863,pF
coss,18.47803,1103.579,pF
coss,18.48573,1103.294,pF
coss,18.49342,1103.01,pF
coss,18.50112,1102.726,pF
coss,18.50881,1102.441,pF
coss,18.5165,1102.157,pF
coss,18.5242,1101.872,pF
coss,18.53189,1101.588,pF
coss,18.53189,1101.588,pF
coss,18.54216,1101.261,pF
coss,18.55242,1100.933,pF
coss,18.56269,1100.606,pF
coss,18.57295,1100.279,pF
coss,18.58322,1099.952,pF
coss,18.59348,1099.625,pF
coss,18.60375,1099.298,pF
coss,18.61401,1098.971,pF
coss,18.62428,1098.644,pF
coss,18.63454,1098.316,pF
coss,18.64481,1097.989,pF
coss,18.65507,1097.662,pF
coss,18.66534,1097.335,pF
coss,18.6756,1097.008,pF
coss,18.68587,1096.681,pF
coss,18.69613,1096.354,pF
coss,18.7064,1096.027,pF
coss,18.71666,1095.699,pF
coss,18.72693,1095.372,pF
coss,18.73719,1095.045,pF
coss,18.74746,1094.718,pF
coss,18.75772,1094.391,pF
coss,18.76799,1094.064,pF
coss,18.77825,1093.737,pF
coss,18.78852,1093.409,pF
coss,18.79878,1093.082,pF
coss,18.80905,1092.755,pF
coss,18.81931,1092.428,pF
coss,18.82958,1092.101,pF
coss,18.83984,1091.774,pF
coss,18.85011,1091.447,pF
coss,18.86037,1091.12,pF
coss,18.87064,1090.792,pF
coss,18.8809,1090.465,pF
coss,18.89117,1090.138,pF
coss,18.90143,1089.811,pF
coss,18.9117,1089.484,pF
coss,18.92196,1089.157,pF
coss,18.93223,1088.83,pF
coss,18.93223,1088.83,pF
coss,18.94249,1088.55,pF
coss,18.95275,1088.269,pF
coss,18.96301,1087.989,pF
coss,18.97327,1087.709,pF
coss,18.98353,1087.429,pF
coss,18.99379,1087.149,pF
coss,19.00405,1086.869,pF
coss,19.01431,1086.589,pF
coss,19.02457,1086.309,pF
coss,19.03483,1086.028,pF
coss,19.04509,1085.748,pF
coss,19.05535,1085.468,pF
coss,19.06561,1085.188,pF
coss,19.07587,1084.908,pF
coss,19.08613,1084.628,pF
coss,19.09639,1084.348,pF
coss,19.10665,1084.068,pF
coss,19.11691,1083.787,pF
coss,19.12717,1083.507,pF
coss,19.13743,1083.227,pF
coss,19.1477,1082.947,pF
coss,19.15796,1082.667,pF
coss,19.16822,1082.387,pF
coss,19.17848,1082.107,pF
coss,19.18874,1081.827,pF
coss,19.199,1081.547,pF
coss,19.20926,1081.266,pF
coss,19.21952,1080.986,pF
coss,19.22978,1080.706,pF
coss,19.24004,1080.426,pF
coss,19.2503,1080.146,pF
coss,19.26056,1079.866,pF
coss,19.27082,1079.586,pF
coss,19.28108,1079.306,pF
coss,19.29134,1079.025,pF
coss,19.3016,1078.745,pF
coss,19.31186,1078.465,pF
coss,19.32212,1078.185,pF
coss,19.33238,1077.905,pF
coss,19.33238,1077.905,pF
coss,19.34521,1077.604,pF
coss,19.35803,1077.302,pF
coss,19.37086,1077.001,pF
coss,19.38369,1076.699,pF
coss,19.39651,1076.398,pF
coss,19.40934,1076.096,pF
coss,19.42217,1075.795,pF
coss,19.43499,1075.493,pF
coss,19.44782,1075.192,pF
coss,19.46065,1074.89,pF
coss,19.47347,1074.589,pF
coss,19.4863,1074.288,pF
coss,19.49913,1073.986,pF
coss,19.51195,1073.685,pF
coss,19.52478,1073.383,pF
coss,19.53761,1073.082,pF
coss,19.55043,1072.78,pF
coss,19.56326,1072.479,pF
coss,19.57609,1072.177,pF
coss,19.58891,1071.876,pF
coss,19.60174,1071.575,pF
coss,19.61457,1071.273,pF
coss,19.62739,1070.972,pF
coss,19.64022,1070.67,pF
coss,19.65304,1070.369,pF
coss,19.66587,1070.067,pF
coss,19.6787,1069.766,pF
coss,19.69152,1069.464,pF
coss,19.70435,1069.163,pF
coss,19.71718,1068.861,pF
coss,19.73,1068.56,pF
coss,19.74283,1068.259,pF
coss,19.75566,1067.957,pF
coss,19.76848,1067.656,pF
coss,19.78131,1067.354,pF
coss,19.79414,1067.053,pF
coss,19.80696,1066.751,pF
coss,19.81979,1066.45,pF
coss,19.83262,1066.148,pF
coss,19.83262,1066.148,pF
coss,19.84801,1065.837,pF
coss,19.8634,1065.525,pF
coss,19.8788,1065.213,pF
coss,19.89419,1064.902,pF
coss,19.90958,1064.59,pF
coss,19.92497,1064.278,pF
coss,19.94037,1063.966,pF
coss,19.95576,1063.655,pF
coss,19.97115,1063.343,pF
coss,19.98655,1063.031,pF
coss,20.00194,1062.72,pF
coss,20.01733,1062.408,pF
coss,20.03272,1062.096,pF
coss,20.04812,1061.784,pF
coss,20.06351,1061.473,pF
coss,20.0789,1061.161,pF
coss,20.09429,1060.849,pF
coss,20.10969,1060.537,pF
coss,20.12508,1060.226,pF
coss,20.14047,1059.914,pF
coss,20.15587,1059.602,pF
coss,20.17126,1059.291,pF
coss,20.18665,1058.979,pF
coss,20.20204,1058.667,pF
coss,20.21744,1058.355,pF
coss,20.23283,1058.044,pF
coss,20.24822,1057.732,pF
coss,20.26362,1057.42,pF
coss,20.27901,1057.109,pF
coss,20.2944,1056.797,pF
coss,20.30979,1056.485,pF
coss,20.32519,1056.173,pF
coss,20.34058,1055.862,pF
coss,20.35597,1055.55,pF
coss,20.37137,1055.238,pF
coss,20.38676,1054.926,pF
coss,20.40215,1054.615,pF
coss,20.41754,1054.303,pF
coss,20.43294,1053.991,pF
coss,20.43294,1053.991,pF
coss,20.4509,1053.674,pF
coss,20.46885,1053.357,pF
coss,20.48681,1053.04,pF
coss,20.50477,1052.722,pF
coss,20.52273,1052.405,pF
coss,20.54069,1052.088,pF
coss,20.55865,1051.771,pF
coss,20.57661,1051.453,pF
coss,20.59457,1051.136,pF
coss,20.61253,1050.819,pF
coss,20.63049,1050.502,pF
coss,20.64845,1050.184,pF
coss,20.66641,1049.867,pF
coss,20.68436,1049.55,pF
coss,20.70232,1049.233,pF
coss,20.72028,1048.915,pF
coss,20.73824,1048.598,pF
coss,20.7562,1048.281,pF
coss,20.77416,1047.964,pF
coss,20.79212,1047.646,pF
coss,20.81008,1047.329,pF
coss,20.82804,1047.012,pF
coss,20.846,1046.695,pF
coss,20.86396,1046.377,pF
coss,20.88191,1046.06,pF
coss,20.89987,1045.743,pF
coss,20.91783,1045.426,pF
coss,20.93579,1045.108,pF
coss,20.95375,1044.791,pF
coss,20.97171,1044.474,pF
coss,20.98967,1044.157,pF
coss,21.00763,1043.839,pF
coss,21.02559,1043.522,pF
coss,21.04355,1043.205,pF
coss,21.06151,1042.888,pF
coss,21.07946,1042.57,pF
coss,21.09742,1042.253,pF
coss,21.11538,1041.936,pF
coss,21.13334,1041.619,pF
coss,21.13334,1041.619,pF
coss,21.15643,1041.256,pF
coss,21.17953,1040.893,pF
coss,21.20262,1040.531,pF
coss,21.22571,1040.168,pF
coss,21.2488,1039.805,pF
coss,21.27189,1039.442,pF
coss,21.29498,1039.08,pF
coss,21.31807,1038.717,pF
coss,21.34117,1038.354,pF
coss,21.36426,1037.992,pF
coss,21.38735,1037.629,pF
coss,21.41044,1037.266,pF
coss,21.43353,1036.904,pF
coss,21.45662,1036.541,pF
coss,21.47972,1036.178,pF
coss,21.50281,1035.816,pF
coss,21.5259,1035.453,pF
coss,21.54899,1035.09,pF
coss,21.57208,1034.728,pF
coss,21.59517,1034.365,pF
coss,21.61827,1034.002,pF
coss,21.64136,1033.639,pF
coss,21.66445,1033.277,pF
coss,21.68754,1032.914,pF
coss,21.71063,1032.551,pF
coss,21.73372,1032.189,pF
coss,21.75681,1031.826,pF
coss,21.77991,1031.463,pF
coss,21.803,1031.101,pF
coss,21.82609,1030.738,pF
coss,21.84918,1030.375,pF
coss,21.87227,1030.013,pF
coss,21.89536,1029.65,pF
coss,21.91846,1029.287,pF
coss,21.94155,1028.925,pF
coss,21.96464,1028.562,pF
coss,21.98773,1028.199,pF
coss,22.01082,1027.837,pF
coss,22.03391,1027.474,pF
coss,22.03391,1027.474,pF
coss,22.06213,1027.074,pF
coss,22.09035,1026.675,pF
coss,22.11857,1026.276,pF
coss,22.14679,1025.876,pF
coss,22.17501,1025.477,pF
coss,22.20323,1025.077,pF
coss,22.23145,1024.678,pF
coss,22.25967,1024.278,pF
coss,22.28789,1023.879,pF
coss,22.31611,1023.48,pF
coss,22.34433,1023.08,pF
coss,22.37255,1022.681,pF
coss,22.40077,1022.281,pF
coss,22.42899,1021.882,pF
coss,22.4572,1021.482,pF
coss,22.48542,1021.083,pF
coss,22.51364,1020.684,pF
coss,22.54186,1020.284,pF
coss,22.57008,1019.885,pF
coss,22.5983,1019.485,pF
coss,22.62652,1019.086,pF
coss,22.65474,1018.686,pF
coss,22.68296,1018.287,pF
coss,22.71118,1017.887,pF
coss,22.7394,1017.488,pF
coss,22.76762,1017.089,pF
coss,22.79584,1016.689,pF
coss,22.82406,1016.29,pF
coss,22.85228,1015.89,pF
coss,22.8805,1015.491,pF
coss,22.90872,1015.091,pF
coss,22.93693,1014.692,pF
coss,22.96515,1014.293,pF
coss,22.99337,1013.893,pF
coss,23.02159,1013.494,pF
coss,23.04981,1013.094,pF
coss,23.07803,1012.695,pF
coss,23.10625,1012.295,pF
coss,23.13447,1011.896,pF
coss,23.13447,1011.896,pF
coss,23.17039,1011.433,pF
coss,23.20631,1010.97,pF
coss,23.24222,1010.507,pF
coss,23.27814,1010.044,pF
coss,23.31406,1009.581,pF
coss,23.34998,1009.118,pF
coss,23.3859,1008.655,pF
coss,23.42182,1008.192,pF
coss,23.45773,1007.729,pF
coss,23.49365,1007.266,pF
coss,23.52957,1006.803,pF
coss,23.56549,1006.34,pF
coss,23.60141,1005.877,pF
coss,23.63732,1005.414,pF
coss,23.67324,1004.95,pF
coss,23.70916,1004.487,pF
coss,23.74508,1004.024,pF
coss,23.781,1003.561,pF
coss,23.81692,1003.098,pF
coss,23.85283,1002.635,pF
coss,23.88875,1002.172,pF
coss,23.92467,1001.709,pF
coss,23.96059,1001.246,pF
coss,23.99651,1000.783,pF
coss,24.03242,1000.32,pF
coss,24.06834,999.857,pF
coss,24.10426,999.394,pF
coss,24.14018,998.931,pF
coss,24.1761,998.468,pF
coss,24.21202,998.005,pF
coss,24.24793,997.542,pF
coss,24.28385,997.079,pF
coss,24.31977,996.616,pF
coss,24.35569,996.153,pF
coss,24.39161,995.69,pF
coss,24.42752,995.227,pF
coss,24.46344,994.764,pF
coss,24.49936,994.301,pF
coss,24.53528,993.838,pF
coss,24.53528,993.838,pF
coss,24.57376,993.384,pF
coss,24.61225,992.93,pF
coss,24.65073,992.476,pF
coss,24.68922,992.022,pF
coss,24.7277,991.568,pF
coss,24.76618,991.114,pF
coss,24.80467,990.66,pF
coss,24.84315,990.206,pF
coss,24.88164,989.752,pF
coss,24.92012,989.298,pF
coss,24.95861,988.844,pF
coss,24.99709,988.39,pF
coss,25.03558,987.936,pF
coss,25.07406,987.482,pF
coss,25.11254,987.028,pF
coss,25.15103,986.574,pF
coss,25.18951,986.12,pF
coss,25.228,985.666,pF
coss,25.26648,985.213,pF
coss,25.30497,984.759,pF
coss,25.34345,984.305,pF
coss,25.38194,983.851,pF
coss,25.42042,983.397,pF
coss,25.4589,982.943,pF
coss,25.49739,982.489,pF
coss,25.53587,982.035,pF
coss,25.57436,981.581,pF
coss,25.61284,981.127,pF
coss,25.65133,980.673,pF
coss,25.68981,980.219,pF
coss,25.72829,979.765,pF
coss,25.76678,979.311,pF
coss,25.80526,978.857,pF
coss,25.84375,978.403,pF
coss,25.88223,977.949,pF
coss,25.92072,977.495,pF
coss,25.9592,977.041,pF
coss,25.99769,976.587,pF
coss,26.03617,976.133,pF
coss,26.03617,976.133,pF
coss,26.07722,975.691,pF
coss,26.11827,975.248,pF
coss,26.15932,974.805,pF
coss,26.20037,974.362,pF
coss,26.24142,973.919,pF
coss,26.28247,973.476,pF
coss,26.32352,973.033,pF
coss,26.36458,972.59,pF
coss,26.40563,972.148,pF
coss,26.44668,971.705,pF
coss,26.48773,971.262,pF
coss,26.52878,970.819,pF
coss,26.56983,970.376,pF
coss,26.61088,969.933,pF
coss,26.65193,969.49,pF
coss,26.69298,969.047,pF
coss,26.73403,968.604,pF
coss,26.77508,968.162,pF
coss,26.81613,967.719,pF
coss,26.85718,967.276,pF
coss,26.89823,966.833,pF
coss,26.93928,966.39,pF
coss,26.98034,965.947,pF
coss,27.02139,965.504,pF
coss,27.06244,965.061,pF
coss,27.10349,964.619,pF
coss,27.14454,964.176,pF
coss,27.18559,963.733,pF
coss,27.22664,963.29,pF
coss,27.26769,962.847,pF
coss,27.30874,962.404,pF
coss,27.34979,961.961,pF
coss,27.39084,961.518,pF
coss,27.43189,961.075,pF
coss,27.47294,960.633,pF
coss,27.51399,960.19,pF
coss,27.55505,959.747,pF
coss,27.5961,959.304,pF
coss,27.63715,958.861,pF
coss,27.63715,958.861,pF
coss,27.68075,958.433,pF
coss,27.72436,958.005,pF
coss,27.76797,957.577,pF
coss,27.81158,957.15,pF
coss,27.85518,956.722,pF
coss,27.89879,956.294,pF
coss,27.9424,955.866,pF
coss,27.98601,955.438,pF
coss,28.02961,955.01,pF
coss,28.07322,954.582,pF
coss,28.11683,954.154,pF
coss,28.16044,953.726,pF
coss,28.20404,953.299,pF
coss,28.24765,952.871,pF
coss,28.29126,952.443,pF
coss,28.33487,952.015,pF
coss,28.37847,951.587,pF
coss,28.42208,951.159,pF
coss,28.46569,950.731,pF
coss,28.5093,950.303,pF
coss,28.5529,949.876,pF
coss,28.59651,949.448,pF
coss,28.64012,949.02,pF
coss,28.68373,948.592,pF
coss,28.72733,948.164,pF
coss,28.77094,947.736,pF
coss,28.81455,947.308,pF
coss,28.85816,946.88,pF
coss,28.90176,946.453,pF
coss,28.94537,946.025,pF
coss,28.98898,945.597,pF
coss,29.03259,945.169,pF
coss,29.07619,944.741,pF
coss,29.1198,944.313,pF
coss,29.16341,943.885,pF
coss,29.20702,943.457,pF
coss,29.25062,943.03,pF
coss,29.29423,942.602,pF
coss,29.33784,942.174,pF
coss,29.33784,942.174,pF
coss,29.38146,941.788,pF
coss,29.42507,941.402,pF
coss,29.46869,941.016,pF
coss,29.51231,940.63,pF
coss,29.55592,940.244,pF
coss,29.59954,939.858,pF
coss,29.64316,939.472,pF
coss,29.68677,939.086,pF
coss,29.73039,938.7,pF
coss,29.77401,938.314,pF
coss,29.81763,937.928,pF
coss,29.86124,937.542,pF
coss,29.90486,937.156,pF
coss,29.94848,936.77,pF
coss,29.99209,936.384,pF
coss,30.03571,935.998,pF
coss,30.07933,935.612,pF
coss,30.12294,935.226,pF
coss,30.16656,934.84,pF
coss,30.21018,934.454,pF
coss,30.25379,934.068,pF
coss,30.29741,933.682,pF
coss,30.34103,933.296,pF
coss,30.38465,932.91,pF
coss,30.42826,932.524,pF
coss,30.47188,932.138,pF
coss,30.5155,931.752,pF
coss,30.55911,931.366,pF
coss,30.60273,930.98,pF
coss,30.64635,930.594,pF
coss,30.68996,930.208,pF
coss,30.73358,929.822,pF
coss,30.7772,929.436,pF
coss,30.82081,929.05,pF
coss,30.86443,928.664,pF
coss,30.90805,928.278,pF
coss,30.95167,927.892,pF
coss,30.99528,927.506,pF
coss,31.0389,927.12,pF
coss,31.0389,927.12,pF
coss,31.08508,926.754,pF
coss,31.13126,926.388,pF
coss,31.17743,926.022,pF
coss,31.22361,925.656,pF
coss,31.26979,925.291,pF
coss,31.31597,924.925,pF
coss,31.36215,924.559,pF
coss,31.40833,924.193,pF
coss,31.45451,923.827,pF
coss,31.50068,923.461,pF
coss,31.54686,923.096,pF
coss,31.59304,922.73,pF
coss,31.63922,922.364,pF
coss,31.6854,921.998,pF
coss,31.73158,921.632,pF
coss,31.77775,921.266,pF
coss,31.82393,920.9,pF
coss,31.87011,920.535,pF
coss,31.91629,920.169,pF
coss,31.96247,919.803,pF
coss,32.00865,919.437,pF
coss,32.05482,919.071,pF
coss,32.101,918.705,pF
coss,32.14718,918.34,pF
coss,32.19336,917.974,pF
coss,32.23954,917.608,pF
coss,32.28572,917.242,pF
coss,32.3319,916.876,pF
coss,32.37807,916.51,pF
coss,32.42425,916.144,pF
coss,32.47043,915.779,pF
coss,32.51661,915.413,pF
coss,32.56279,915.047,pF
coss,32.60897,914.681,pF
coss,32.65514,914.315,pF
coss,32.70132,913.949,pF
coss,32.7475,913.584,pF
coss,32.79368,913.218,pF
coss,32.83986,912.852,pF
coss,32.83986,912.852,pF
coss,32.8886,912.51,pF
coss,32.93735,912.168,pF
coss,32.98609,911.825,pF
coss,33.03484,911.483,pF
coss,33.08358,911.141,pF
coss,33.13233,910.799,pF
coss,33.18107,910.457,pF
coss,33.22982,910.115,pF
coss,33.27856,909.773,pF
coss,33.32731,909.43,pF
coss,33.37605,909.088,pF
coss,33.4248,908.746,pF
coss,33.47354,908.404,pF
coss,33.52228,908.062,pF
coss,33.57103,907.72,pF
coss,33.61977,907.378,pF
coss,33.66852,907.035,pF
coss,33.71726,906.693,pF
coss,33.76601,906.351,pF
coss,33.81475,906.009,pF
coss,33.8635,905.667,pF
coss,33.91224,905.325,pF
coss,33.96099,904.982,pF
coss,34.00973,904.64,pF
coss,34.05848,904.298,pF
coss,34.10722,903.956,pF
coss,34.15597,903.614,pF
coss,34.20471,903.272,pF
coss,34.25346,902.93,pF
coss,34.3022,902.587,pF
coss,34.35095,902.245,pF
coss,34.39969,901.903,pF
coss,34.44843,901.561,pF
coss,34.49718,901.219,pF
coss,34.54592,900.877,pF
coss,34.59467,900.535,pF
coss,34.64341,900.192,pF
coss,34.69216,899.85,pF
coss,34.7409,899.508,pF
coss,34.7409,899.508,pF
coss,34.78965,899.207,pF
coss,34.83839,898.906,pF
coss,34.88714,898.605,pF
coss,34.93588,898.304,pF
coss,34.98463,898.003,pF
coss,35.03337,897.702,pF
coss,35.08212,897.401,pF
coss,35.13086,897.1,pF
coss,35.17961,896.799,pF
coss,35.22835,896.498,pF
coss,35.2771,896.197,pF
coss,35.32584,895.896,pF
coss,35.37458,895.594,pF
coss,35.42333,895.293,pF
coss,35.47207,894.992,pF
coss,35.52082,894.691,pF
coss,35.56956,894.39,pF
coss,35.61831,894.089,pF
coss,35.66705,893.788,pF
coss,35.7158,893.487,pF
coss,35.76454,893.186,pF
coss,35.81329,892.885,pF
coss,35.86203,892.584,pF
coss,35.91078,892.283,pF
coss,35.95952,891.982,pF
coss,36.00827,891.681,pF
coss,36.05701,891.38,pF
coss,36.10576,891.079,pF
coss,36.1545,890.778,pF
coss,36.20325,890.477,pF
coss,36.25199,890.176,pF
coss,36.30073,889.874,pF
coss,36.34948,889.573,pF
coss,36.39822,889.272,pF
coss,36.44697,888.971,pF
coss,36.49571,888.67,pF
coss,36.54446,888.369,pF
coss,36.5932,888.068,pF
coss,36.64195,887.767,pF
coss,36.64195,887.767,pF
coss,36.69326,887.491,pF
coss,36.74457,887.216,pF
coss,36.79588,886.94,pF
coss,36.84719,886.664,pF
coss,36.8985,886.388,pF
coss,36.94981,886.113,pF
coss,37.00112,885.837,pF
coss,37.05244,885.561,pF
coss,37.10375,885.285,pF
coss,37.15506,885.009,pF
coss,37.20637,884.734,pF
coss,37.25768,884.458,pF
coss,37.30899,884.182,pF
coss,37.3603,883.906,pF
coss,37.41161,883.631,pF
coss,37.46292,883.355,pF
coss,37.51423,883.079,pF
coss,37.56555,882.803,pF
coss,37.61686,882.528,pF
coss,37.66817,882.252,pF
coss,37.71948,881.976,pF
coss,37.77079,881.7,pF
coss,37.8221,881.424,pF
coss,37.87341,881.149,pF
coss,37.92472,880.873,pF
coss,37.97603,880.597,pF
coss,38.02734,880.321,pF
coss,38.07866,880.046,pF
coss,38.12997,879.77,pF
coss,38.18128,879.494,pF
coss,38.23259,879.218,pF
coss,38.2839,878.943,pF
coss,38.33521,878.667,pF
coss,38.38652,878.391,pF
coss,38.43783,878.115,pF
coss,38.48914,877.84,pF
coss,38.54045,877.564,pF
coss,38.59177,877.288,pF
coss,38.64308,877.012,pF
coss,38.64308,877.012,pF
coss,38.67899,876.842,pF
coss,38.71491,876.671,pF
coss,38.75083,876.5,pF
coss,38.78675,876.329,pF
coss,38.82267,876.159,pF
coss,38.85858,875.988,pF
coss,38.8945,875.817,pF
coss,38.93042,875.647,pF
coss,38.96634,875.476,pF
coss,39.00226,875.305,pF
coss,39.03818,875.135,pF
coss,39.07409,874.964,pF
coss,39.11001,874.793,pF
coss,39.14593,874.623,pF
coss,39.18185,874.452,pF
coss,39.21777,874.281,pF
coss,39.25368,874.111,pF
coss,39.2896,873.94,pF
coss,39.32552,873.769,pF
coss,39.36144,873.599,pF
coss,39.39736,873.428,pF
coss,39.43327,873.257,pF
coss,39.46919,873.087,pF
coss,39.50511,872.916,pF
coss,39.54103,872.745,pF
coss,39.57695,872.575,pF
coss,39.61286,872.404,pF
coss,39.64878,872.233,pF
coss,39.6847,872.063,pF
coss,39.72062,871.892,pF
coss,39.75654,871.721,pF
coss,39.79245,871.55,pF
coss,39.82837,871.38,pF
coss,39.86429,871.209,pF
coss,39.90021,871.038,pF
coss,39.93613,870.868,pF
coss,39.97205,870.697,pF
coss,40.00796,870.526,pF
coss,40.04388,870.356,pF
qoss,-0.10107,-0.0,nC
qoss,-0.06505,0.08841,nC
qoss,-0.02903,0.17682,nC
qoss,0.007,0.26523,nC
qoss,0.04302,0.35364,nC
qoss,0.07905,0.44205,nC
qoss,0.11507,0.53046,nC
qoss,0.15109,0.61887,nC
qoss,0.18712,0.70728,nC
qoss,0.22314,0.79569,nC
qoss,0.25916,0.8841,nC
qoss,0.29519,0.97251,nC
qoss,0.33121,1.06092,nC
qoss,0.36723,1.14933,nC
qoss,0.40326,1.23774,nC
qoss,0.43928,1.32616,nC
qoss,0.47531,1.41457,nC
qoss,0.51133,1.50298,nC
qoss,0.54735,1.59139,nC
qoss,0.58338,1.6798,nC
qoss,0.6194,1.76821,nC
qoss,0.65542,1.85662,nC
qoss,0.69145,1.94503,nC
qoss,0.72747,2.03344,nC
qoss,0.7635,2.12185,nC
qoss,0.79952,2.21026,nC
qoss,0.83554,2.29867,nC
qoss,0.87157,2.38708,nC
qoss,0.90759,2.47549,nC
qoss,0.94361,2.5639,nC
qoss,0.97964,2.65231,nC
qoss,1.01566,2.74072,nC
qoss,1.05168,2.82913,nC
qoss,1.08771,2.91754,nC
qoss,1.12373,3.00595,nC
qoss,1.15976,3.09436,nC
qoss,1.19578,3.18277,nC
qoss,1.2318,3.27118,nC
qoss,1.26783,3.35959,nC
qoss,1.30385,3.448,nC
qoss,1.30385,3.448,nC
qoss,1.33987,3.53477,nC
qoss,1.3759,3.62154,nC
qoss,1.41192,3.70831,nC
qoss,1.44795,3.79508,nC
qoss,1.48397,3.88185,nC
qoss,1.51999,3.96862,nC
qoss,1.55602,4.05539,nC
qoss,1.59204,4.14216,nC
qoss,1.62806,4.22893,nC
qoss,1.66409,4.3157,nC
qoss,1.70011,4.40247,nC
qoss,1.73613,4.48924,nC
qoss,1.77216,4.576,nC
qoss,1.80818,4.66277,nC
qoss,1.84421,4.74954,nC
qoss,1.88023,4.83631,nC
qoss,1.91625,4.92308,nC
qoss,1.95228,5.00985,nC
qoss,1.9883,5.09662,nC
qoss,2.02432,5.18339,nC
qoss,2.06035,5.27016,nC
qoss,2.09637,5.35693,nC
qoss,2.13239,5.4437,nC
qoss,2.16842,5.53047,nC
qoss,2.20444,5.61724,nC
qoss,2.24047,5.70401,nC
qoss,2.27649,5.79078,nC
qoss,2.31251,5.87755,nC
qoss,2.34854,5.96431,nC
qoss,2.38456,6.05108,nC
qoss,2.42058,6.13785,nC
qoss,2.45661,6.22462,nC
qoss,2.49263,6.31139,nC
qoss,2.52865,6.39816,nC
qoss,2.56468,6.48493,nC
qoss,2.6007,6.5717,nC
qoss,2.63673,6.65847,nC
qoss,2.67275,6.74524,nC
qoss,2.70877,6.83201,nC
qoss,2.70877,6.83201,nC
qoss,2.74222,6.91101,nC
qoss,2.77567,6.99001,nC
qoss,2.80912,7.06902,nC
qoss,2.84257,7.14802,nC
qoss,2.87602,7.22702,nC
qoss,2.90947,7.30602,nC
qoss,2.94292,7.38503,nC
qoss,2.97637,7.46403,nC
qoss,3.00982,7.54303,nC
qoss,3.04327,7.62203,nC
qoss,3.07672,7.70104,nC
qoss,3.11018,7.78004,nC
qoss,3.14363,7.85904,nC
qoss,3.17708,7.93804,nC
qoss,3.21053,8.01705,nC
qoss,3.24398,8.09605,nC
qoss,3.27743,8.17505,nC
qoss,3.31088,8.25405,nC
qoss,3.34433,8.33306,nC
qoss,3.37778,8.41206,nC
qoss,3.41123,8.49106,nC
qoss,3.44468,8.57006,nC
qoss,3.47813,8.64907,nC
qoss,3.51158,8.72807,nC
qoss,3.54503,8.80707,nC
qoss,3.57848,8.88607,nC
qoss,3.61193,8.96508,nC
qoss,3.64538,9.04408,nC
qoss,3.67883,9.12308,nC
qoss,3.71228,9.20208,nC
qoss,3.74573,9.28109,nC
qoss,3.77918,9.36009,nC
qoss,3.81263,9.43909,nC
qoss,3.84608,9.51809,nC
qoss,3.87953,9.5971,nC
qoss,3.91298,9.6761,nC
qoss,3.94643,9.7551,nC
qoss,3.97988,9.8341,nC
qoss,4.01333,9.91311,nC
qoss,4.01333,9.91311,nC
qoss,4.04679,9.9905,nC
qoss,4.08024,10.06789,nC
qoss,4.1137,10.14527,nC
qoss,4.14715,10.22266,nC
qoss,4.18061,10.30005,nC
qoss,4.21406,10.37744,nC
qoss,4.24752,10.45483,nC
qoss,4.28097,10.53222,nC
qoss,4.31443,10.60961,nC
qoss,4.34788,10.687,nC
qoss,4.38133,10.76439,nC
qoss,4.41479,10.84178,nC
qoss,4.44824,10.91917,nC
qoss,4.4817,10.99656,nC
qoss,4.51515,11.07395,nC
qoss,4.54861,11.15134,nC
qoss,4.58206,11.22873,nC
qoss,4.61552,11.30612,nC
qoss,4.64897,11.38351,nC
qoss,4.68243,11.4609,nC
qoss,4.71588,11.53828,nC
qoss,4.74934,11.61567,nC
qoss,4.78279,11.69306,nC
qoss,4.81625,11.77045,nC
qoss,4.8497,11.84784,nC
qoss,4.88316,11.92523,nC
qoss,4.91661,12.00262,nC
qoss,4.95007,12.08001,nC
qoss,4.98352,12.1574,nC
qoss,5.01698,12.23479,nC
qoss,5.05043,12.31218,nC
qoss,5.08389,12.38957,nC
qoss,5.11734,12.46696,nC
qoss,5.1508,12.54435,nC
qoss,5.18425,12.62174,nC
qoss,5.21771,12.69913,nC
qoss,5.25116,12.77652,nC
qoss,5.28462,12.85391,nC
qoss,5.31807,12.9313,nC
qoss,5.31807,12.9313,nC
qoss,5.34895,13.00116,nC
qoss,5.37983,13.07102,nC
qoss,5.4107,13.14089,nC
qoss,5.44158,13.21075,nC
qoss,5.47246,13.28062,nC
qoss,5.50333,13.35048,nC
qoss,5.53421,13.42035,nC
qoss,5.56509,13.49021,nC
qoss,5.59596,13.56008,nC
qoss,5.62684,13.62994,nC
qoss,5.65772,13.69981,nC
qoss,5.68859,13.76967,nC
qoss,5.71947,13.83954,nC
qoss,5.75035,13.9094,nC
qoss,5.78122,13.97927,nC
qoss,5.8121,14.04913,nC
qoss,5.84298,14.11899,nC
qoss,5.87385,14.18886,nC
qoss,5.90473,14.25872,nC
qoss,5.93561,14.32859,nC
qoss,5.96648,14.39845,nC
qoss,5.99736,14.46832,nC
qoss,6.02824,14.53818,nC
qoss,6.05911,14.60805,nC
qoss,6.08999,14.67791,nC
qoss,6.12087,14.74778,nC
qoss,6.15175,14.81764,nC
qoss,6.18262,14.88751,nC
qoss,6.2135,14.95737,nC
qoss,6.24438,15.02724,nC
qoss,6.27525,15.0971,nC
qoss,6.30613,15.16697,nC
qoss,6.33701,15.23683,nC
qoss,6.36788,15.30669,nC
qoss,6.39876,15.37656,nC
qoss,6.42964,15.44642,nC
qoss,6.46051,15.51629,nC
qoss,6.49139,15.58615,nC
qoss,6.52227,15.65602,nC
qoss,6.52227,15.65602,nC
qoss,6.55057,15.71853,nC
qoss,6.57887,15.78103,nC
qoss,6.60718,15.84354,nC
qoss,6.63548,15.90605,nC
qoss,6.66378,15.96856,nC
qoss,6.69209,16.03107,nC
qoss,6.72039,16.09358,nC
qoss,6.74869,16.15608,nC
qoss,6.777,16.21859,nC
qoss,6.8053,16.2811,nC
qoss,6.8336,16.34361,nC
qoss,6.86191,16.40612,nC
qoss,6.89021,16.46863,nC
qoss,6.91851,16.53113,nC
qoss,6.94682,16.59364,nC
qoss,6.97512,16.65615,nC
qoss,7.00342,16.71866,nC
qoss,7.03173,16.78117,nC
qoss,7.06003,16.84368,nC
qoss,7.08833,16.90618,nC
qoss,7.11664,16.96869,nC
qoss,7.14494,17.0312,nC
qoss,7.17324,17.09371,nC
qoss,7.20155,17.15622,nC
qoss,7.22985,17.21873,nC
qoss,7.25815,17.28123,nC
qoss,7.28646,17.34374,nC
qoss,7.31476,17.40625,nC
qoss,7.34306,17.46876,nC
qoss,7.37137,17.53127,nC
qoss,7.39967,17.59378,nC
qoss,7.42797,17.65628,nC
qoss,7.45628,17.71879,nC
qoss,7.48458,17.7813,nC
qoss,7.51288,17.84381,nC
qoss,7.54119,17.90632,nC
qoss,7.56949,17.96883,nC
qoss,7.59779,18.03133,nC
qoss,7.6261,18.09384,nC
qoss,7.6261,18.09384,nC
qoss,7.65183,18.14911,nC
qoss,7.67756,18.20437,nC
qoss,7.70328,18.25963,nC
qoss,7.72901,18.3149,nC
qoss,7.75474,18.37016,nC
qoss,7.78047,18.42542,nC
qoss,7.8062,18.48069,nC
qoss,7.83193,18.53595,nC
qoss,7.85766,18.59121,nC
qoss,7.88339,18.64648,nC
qoss,7.90912,18.70174,nC
qoss,7.93485,18.757,nC
qoss,7.96058,18.81227,nC
qoss,7.98631,18.86753,nC
qoss,8.01204,18.92279,nC
qoss,8.03777,18.97806,nC
qoss,8.0635,19.03332,nC
qoss,8.08923,19.08858,nC
qoss,8.11496,19.14385,nC
qoss,8.14069,19.19911,nC
qoss,8.16642,19.25437,nC
qoss,8.19215,19.30964,nC
qoss,8.21788,19.3649,nC
qoss,8.24361,19.42016,nC
qoss,8.26934,19.47543,nC
qoss,8.29507,19.53069,nC
qoss,8.3208,19.58595,nC
qoss,8.34653,19.64122,nC
qoss,8.37226,19.69648,nC
qoss,8.39799,19.75174,nC
qoss,8.42372,19.80701,nC
qoss,8.44945,19.86227,nC
qoss,8.47518,19.91753,nC
qoss,8.50091,19.9728,nC
qoss,8.52664,20.02806,nC
qoss,8.55237,20.08332,nC
qoss,8.5781,20.13859,nC
qoss,8.60383,20.19385,nC
qoss,8.62956,20.24911,nC
qoss,8.62956,20.24911,nC
qoss,8.65272,20.29728,nC
qoss,8.67588,20.34545,nC
qoss,8.69904,20.39362,nC
qoss,8.7222,20.44178,nC
qoss,8.74536,20.48995,nC
qoss,8.76853,20.53812,nC
qoss,8.79169,20.58629,nC
qoss,8.81485,20.63446,nC
qoss,8.83801,20.68262,nC
qoss,8.86117,20.73079,nC
qoss,8.88433,20.77896,nC
qoss,8.90749,20.82713,nC
qoss,8.93065,20.8753,nC
qoss,8.95381,20.92346,nC
qoss,8.97698,20.97163,nC
qoss,9.00014,21.0198,nC
qoss,9.0233,21.06797,nC
qoss,9.04646,21.11614,nC
qoss,9.06962,21.16431,nC
qoss,9.09278,21.21247,nC
qoss,9.11594,21.26064,nC
qoss,9.1391,21.30881,nC
qoss,9.16226,21.35698,nC
qoss,9.18543,21.40515,nC
qoss,9.20859,21.45331,nC
qoss,9.23175,21.50148,nC
qoss,9.25491,21.54965,nC
qoss,9.27807,21.59782,nC
qoss,9.30123,21.64599,nC
qoss,9.32439,21.69415,nC
qoss,9.34755,21.74232,nC
qoss,9.37071,21.79049,nC
qoss,9.39388,21.83866,nC
qoss,9.41704,21.88683,nC
qoss,9.4402,21.93499,nC
qoss,9.46336,21.98316,nC
qoss,9.48652,22.03133,nC
qoss,9.50968,22.0795,nC
qoss,9.53284,22.12767,nC
qoss,9.53284,22.12767,nC
qoss,9.55342,22.16906,nC
qoss,9.57401,22.21044,nC
qoss,9.59459,22.25183,nC
qoss,9.61517,22.29322,nC
qoss,9.63576,22.33461,nC
qoss,9.65634,22.376,nC
qoss,9.67692,22.41739,nC
qoss,9.69751,22.45878,nC
qoss,9.71809,22.50017,nC
qoss,9.73867,22.54156,nC
qoss,9.75925,22.58295,nC
qoss,9.77984,22.62434,nC
qoss,9.80042,22.66573,nC
qoss,9.821,22.70712,nC
qoss,9.84159,22.74851,nC
qoss,9.86217,22.7899,nC
qoss,9.88275,22.83128,nC
qoss,9.90334,22.87267,nC
qoss,9.92392,22.91406,nC
qoss,9.9445,22.95545,nC
qoss,9.96508,22.99684,nC
qoss,9.98567,23.03823,nC
qoss,10.00625,23.07962,nC
qoss,10.02683,23.12101,nC
qoss,10.04742,23.1624,nC
qoss,10.068,23.20379,nC
qoss,10.08858,23.24518,nC
qoss,10.10916,23.28657,nC
qoss,10.12975,23.32796,nC
qoss,10.15033,23.36935,nC
qoss,10.17091,23.41074,nC
qoss,10.1915,23.45213,nC
qoss,10.21208,23.49351,nC
qoss,10.23266,23.5349,nC
qoss,10.25325,23.57629,nC
qoss,10.27383,23.61768,nC
qoss,10.29441,23.65907,nC
qoss,10.31499,23.70046,nC
qoss,10.33558,23.74185,nC
qoss,10.33558,23.74185,nC
qoss,10.35616,23.78179,nC
qoss,10.37675,23.82174,nC
qoss,10.39734,23.86168,nC
qoss,10.41793,23.90163,nC
qoss,10.43852,23.94157,nC
qoss,10.4591,23.98152,nC
qoss,10.47969,24.02146,nC
qoss,10.50028,24.0614,nC
qoss,10.52087,24.10135,nC
qoss,10.54145,24.14129,nC
qoss,10.56204,24.18124,nC
qoss,10.58263,24.22118,nC
qoss,10.60322,24.26112,nC
qoss,10.6238,24.30107,nC
qoss,10.64439,24.34101,nC
qoss,10.66498,24.38096,nC
qoss,10.68557,24.4209,nC
qoss,10.70615,24.46084,nC
qoss,10.72674,24.50079,nC
qoss,10.74733,24.54073,nC
qoss,10.76792,24.58068,nC
qoss,10.78851,24.62062,nC
qoss,10.80909,24.66057,nC
qoss,10.82968,24.70051,nC
qoss,10.85027,24.74045,nC
qoss,10.87086,24.7804,nC
qoss,10.89144,24.82034,nC
qoss,10.91203,24.86029,nC
qoss,10.93262,24.90023,nC
qoss,10.95321,24.94017,nC
qoss,10.97379,24.98012,nC
qoss,10.99438,25.02006,nC
qoss,11.01497,25.06001,nC
qoss,11.03556,25.09995,nC
qoss,11.05614,25.13989,nC
qoss,11.07673,25.17984,nC
qoss,11.09732,25.21978,nC
qoss,11.11791,25.25973,nC
qoss,11.13849,25.29967,nC
qoss,11.13849,25.29967,nC
qoss,11.15908,25.33807,nC
qoss,11.17966,25.37646,nC
qoss,11.20024,25.41486,nC
qoss,11.22083,25.45326,nC
qoss,11.24141,25.49165,nC
qoss,11.26199,25.53005,nC
qoss,11.28257,25.56845,nC
qoss,11.30316,25.60684,nC
qoss,11.32374,25.64524,nC
qoss,11.34432,25.68363,nC
qoss,11.36491,25.72203,nC
qoss,11.38549,25.76043,nC
qoss,11.40607,25.79882,nC
qoss,11.42666,25.83722,nC
qoss,11.44724,25.87562,nC
qoss,11.46782,25.91401,nC
qoss,11.4884,25.95241,nC
qoss,11.50899,25.99081,nC
qoss,11.52957,26.0292,nC
qoss,11.55015,26.0676,nC
qoss,11.57074,26.10599,nC
qoss,11.59132,26.14439,nC
qoss,11.6119,26.18279,nC
qoss,11.63248,26.22118,nC
qoss,11.65307,26.25958,nC
qoss,11.67365,26.29798,nC
qoss,11.69423,26.33637,nC
qoss,11.71482,26.37477,nC
qoss,11.7354,26.41317,nC
qoss,11.75598,26.45156,nC
qoss,11.77656,26.48996,nC
qoss,11.79715,26.52835,nC
qoss,11.81773,26.56675,nC
qoss,11.83831,26.60515,nC
qoss,11.8589,26.64354,nC
qoss,11.87948,26.68194,nC
qoss,11.90006,26.72034,nC
qoss,11.92064,26.75873,nC
qoss,11.94123,26.79713,nC
qoss,11.94123,26.79713,nC
qoss,11.95924,26.82935,nC
qoss,11.97726,26.86158,nC
qoss,11.99527,26.8938,nC
qoss,12.01328,26.92602,nC
qoss,12.0313,26.95825,nC
qoss,12.04931,26.99047,nC
qoss,12.06733,27.02269,nC
qoss,12.08534,27.05492,nC
qoss,12.10336,27.08714,nC
qoss,12.12137,27.11937,nC
qoss,12.13938,27.15159,nC
qoss,12.1574,27.18381,nC
qoss,12.17541,27.21604,nC
qoss,12.19343,27.24826,nC
qoss,12.21144,27.28048,nC
qoss,12.22946,27.31271,nC
qoss,12.24747,27.34493,nC
qoss,12.26548,27.37715,nC
qoss,12.2835,27.40938,nC
qoss,12.30151,27.4416,nC
qoss,12.31953,27.47383,nC
qoss,12.33754,27.50605,nC
qoss,12.35555,27.53827,nC
qoss,12.37357,27.5705,nC
qoss,12.39158,27.60272,nC
qoss,12.4096,27.63494,nC
qoss,12.42761,27.66717,nC
qoss,12.44563,27.69939,nC
qoss,12.46364,27.73161,nC
qoss,12.48165,27.76384,nC
qoss,12.49967,27.79606,nC
qoss,12.51768,27.82829,nC
qoss,12.5357,27.86051,nC
qoss,12.55371,27.89273,nC
qoss,12.57173,27.92496,nC
qoss,12.58974,27.95718,nC
qoss,12.60775,27.9894,nC
qoss,12.62577,28.02163,nC
qoss,12.64378,28.05385,nC
qoss,12.64378,28.05385,nC
qoss,12.66179,28.08461,nC
qoss,12.6798,28.11537,nC
qoss,12.69781,28.14613,nC
qoss,12.71582,28.17689,nC
qoss,12.73383,28.20765,nC
qoss,12.75184,28.23841,nC
qoss,12.76985,28.26917,nC
qoss,12.78786,28.29993,nC
qoss,12.80587,28.33069,nC
qoss,12.82388,28.36145,nC
qoss,12.84189,28.39221,nC
qoss,12.8599,28.42297,nC
qoss,12.8779,28.45373,nC
qoss,12.89591,28.48449,nC
qoss,12.91392,28.51525,nC
qoss,12.93193,28.54601,nC
qoss,12.94994,28.57677,nC
qoss,12.96795,28.60753,nC
qoss,12.98596,28.63829,nC
qoss,13.00397,28.66905,nC
qoss,13.02198,28.69981,nC
qoss,13.03999,28.73057,nC
qoss,13.058,28.76133,nC
qoss,13.07601,28.79209,nC
qoss,13.09402,28.82285,nC
qoss,13.11203,28.85361,nC
qoss,13.13004,28.88437,nC
qoss,13.14805,28.91513,nC
qoss,13.16606,28.94589,nC
qoss,13.18406,28.97665,nC
qoss,13.20207,29.00741,nC
qoss,13.22008,29.03817,nC
qoss,13.23809,29.06893,nC
qoss,13.2561,29.09969,nC
qoss,13.27411,29.13045,nC
qoss,13.29212,29.16121,nC
qoss,13.31013,29.19197,nC
qoss,13.32814,29.22273,nC
qoss,13.34615,29.25349,nC
qoss,13.34615,29.25349,nC
qoss,13.36159,29.27849,nC
qoss,13.37703,29.30348,nC
qoss,13.39247,29.32848,nC
qoss,13.40791,29.35348,nC
qoss,13.42335,29.37848,nC
qoss,13.43879,29.40348,nC
qoss,13.45424,29.42847,nC
qoss,13.46968,29.45347,nC
qoss,13.48512,29.47847,nC
qoss,13.50056,29.50347,nC
qoss,13.516,29.52846,nC
qoss,13.53144,29.55346,nC
qoss,13.54688,29.57846,nC
qoss,13.56232,29.60346,nC
qoss,13.57776,29.62846,nC
qoss,13.5932,29.65345,nC
qoss,13.60864,29.67845,nC
qoss,13.62408,29.70345,nC
qoss,13.63953,29.72845,nC
qoss,13.65497,29.75345,nC
qoss,13.67041,29.77844,nC
qoss,13.68585,29.80344,nC
qoss,13.70129,29.82844,nC
qoss,13.71673,29.85344,nC
qoss,13.73217,29.87844,nC
qoss,13.74761,29.90343,nC
qoss,13.76305,29.92843,nC
qoss,13.77849,29.95343,nC
qoss,13.79393,29.97843,nC
qoss,13.80937,30.00343,nC
qoss,13.82482,30.02842,nC
qoss,13.84026,30.05342,nC
qoss,13.8557,30.07842,nC
qoss,13.87114,30.10342,nC
qoss,13.88658,30.12841,nC
qoss,13.90202,30.15341,nC
qoss,13.91746,30.17841,nC
qoss,13.9329,30.20341,nC
qoss,13.94834,30.22841,nC
qoss,13.94834,30.22841,nC
qoss,13.96378,30.25201,nC
qoss,13.97922,30.27562,nC
qoss,13.99466,30.29923,nC
qoss,14.0101,30.32284,nC
qoss,14.02555,30.34645,nC
qoss,14.04099,30.37006,nC
qoss,14.05643,30.39366,nC
qoss,14.07187,30.41727,nC
qoss,14.08731,30.44088,nC
qoss,14.10275,30.46449,nC
qoss,14.11819,30.4881,nC
qoss,14.13363,30.5117,nC
qoss,14.14907,30.53531,nC
qoss,14.16451,30.55892,nC
qoss,14.17995,30.58253,nC
qoss,14.19539,30.60614,nC
qoss,14.21083,30.62975,nC
qoss,14.22627,30.65335,nC
qoss,14.24171,30.67696,nC
qoss,14.25716,30.70057,nC
qoss,14.2726,30.72418,nC
qoss,14.28804,30.74779,nC
qoss,14.30348,30.7714,nC
qoss,14.31892,30.795,nC
qoss,14.33436,30.81861,nC
qoss,14.3498,30.84222,nC
qoss,14.36524,30.86583,nC
qoss,14.38068,30.88944,nC
qoss,14.39612,30.91304,nC
qoss,14.41156,30.93665,nC
qoss,14.427,30.96026,nC
qoss,14.44244,30.98387,nC
qoss,14.45788,31.00748,nC
qoss,14.47333,31.03109,nC
qoss,14.48877,31.05469,nC
qoss,14.50421,31.0783,nC
qoss,14.51965,31.10191,nC
qoss,14.53509,31.12552,nC
qoss,14.55053,31.14913,nC
qoss,14.55053,31.14913,nC
qoss,14.56596,31.17132,nC
qoss,14.5814,31.19351,nC
qoss,14.59684,31.2157,nC
qoss,14.61227,31.23789,nC
qoss,14.62771,31.26008,nC
qoss,14.64314,31.28228,nC
qoss,14.65858,31.30447,nC
qoss,14.67402,31.32666,nC
qoss,14.68945,31.34885,nC
qoss,14.70489,31.37104,nC
qoss,14.72032,31.39323,nC
qoss,14.73576,31.41542,nC
qoss,14.7512,31.43762,nC
qoss,14.76663,31.45981,nC
qoss,14.78207,31.482,nC
qoss,14.7975,31.50419,nC
qoss,14.81294,31.52638,nC
qoss,14.82838,31.54857,nC
qoss,14.84381,31.57076,nC
qoss,14.85925,31.59296,nC
qoss,14.87468,31.61515,nC
qoss,14.89012,31.63734,nC
qoss,14.90556,31.65953,nC
qoss,14.92099,31.68172,nC
qoss,14.93643,31.70391,nC
qoss,14.95187,31.7261,nC
qoss,14.9673,31.7483,nC
qoss,14.98274,31.77049,nC
qoss,14.99817,31.79268,nC
qoss,15.01361,31.81487,nC
qoss,15.02905,31.83706,nC
qoss,15.04448,31.85925,nC
qoss,15.05992,31.88144,nC
qoss,15.07535,31.90364,nC
qoss,15.09079,31.92583,nC
qoss,15.10623,31.94802,nC
qoss,15.12166,31.97021,nC
qoss,15.1371,31.9924,nC
qoss,15.15253,32.01459,nC
qoss,15.15253,32.01459,nC
qoss,15.16797,32.03545,nC
qoss,15.18341,32.05631,nC
qoss,15.19886,32.07717,nC
qoss,15.2143,32.09802,nC
qoss,15.22974,32.11888,nC
qoss,15.24518,32.13974,nC
qoss,15.26062,32.1606,nC
qoss,15.27606,32.18145,nC
qoss,15.2915,32.20231,nC
qoss,15.30694,32.22317,nC
qoss,15.32238,32.24403,nC
qoss,15.33782,32.26488,nC
qoss,15.35326,32.28574,nC
qoss,15.3687,32.3066,nC
qoss,15.38414,32.32746,nC
qoss,15.39959,32.34832,nC
qoss,15.41503,32.36917,nC
qoss,15.43047,32.39003,nC
qoss,15.44591,32.41089,nC
qoss,15.46135,32.43175,nC
qoss,15.47679,32.4526,nC
qoss,15.49223,32.47346,nC
qoss,15.50767,32.49432,nC
qoss,15.52311,32.51518,nC
qoss,15.53855,32.53603,nC
qoss,15.55399,32.55689,nC
qoss,15.56943,32.57775,nC
qoss,15.58487,32.59861,nC
qoss,15.60032,32.61946,nC
qoss,15.61576,32.64032,nC
qoss,15.6312,32.66118,nC
qoss,15.64664,32.68204,nC
qoss,15.66208,32.70289,nC
qoss,15.67752,32.72375,nC
qoss,15.69296,32.74461,nC
qoss,15.7084,32.76547,nC
qoss,15.72384,32.78632,nC
qoss,15.73928,32.80718,nC
qoss,15.75472,32.82804,nC
qoss,15.75472,32.82804,nC
qoss,15.77273,32.85098,nC
qoss,15.79074,32.87391,nC
qoss,15.80875,32.89685,nC
qoss,15.82676,32.91979,nC
qoss,15.84477,32.94273,nC
qoss,15.86278,32.96566,nC
qoss,15.88079,32.9886,nC
qoss,15.8988,33.01154,nC
qoss,15.91681,33.03448,nC
qoss,15.93482,33.05741,nC
qoss,15.95283,33.08035,nC
qoss,15.97084,33.10329,nC
qoss,15.98885,33.12622,nC
qoss,16.00685,33.14916,nC
qoss,16.02486,33.1721,nC
qoss,16.04287,33.19504,nC
qoss,16.06088,33.21797,nC
qoss,16.07889,33.24091,nC
qoss,16.0969,33.26385,nC
qoss,16.11491,33.28678,nC
qoss,16.13292,33.30972,nC
qoss,16.15093,33.33266,nC
qoss,16.16894,33.3556,nC
qoss,16.18695,33.37853,nC
qoss,16.20496,33.40147,nC
qoss,16.22297,33.42441,nC
qoss,16.24098,33.44735,nC
qoss,16.25899,33.47028,nC
qoss,16.277,33.49322,nC
qoss,16.29501,33.51616,nC
qoss,16.31301,33.53909,nC
qoss,16.33102,33.56203,nC
qoss,16.34903,33.58497,nC
qoss,16.36704,33.60791,nC
qoss,16.38505,33.63084,nC
qoss,16.40306,33.65378,nC
qoss,16.42107,33.67672,nC
qoss,16.43908,33.69966,nC
qoss,16.45709,33.72259,nC
qoss,16.45709,33.72259,nC
qoss,16.47768,33.7474,nC
qoss,16.49827,33.77222,nC
qoss,16.51885,33.79703,nC
qoss,16.53944,33.82184,nC
qoss,16.56003,33.84665,nC
qoss,16.58062,33.87146,nC
qoss,16.6012,33.89627,nC
qoss,16.62179,33.92108,nC
qoss,16.64238,33.94589,nC
qoss,16.66297,33.9707,nC
qoss,16.68355,33.99551,nC
qoss,16.70414,34.02033,nC
qoss,16.72473,34.04514,nC
qoss,16.74532,34.06995,nC
qoss,16.76591,34.09476,nC
qoss,16.78649,34.11957,nC
qoss,16.80708,34.14438,nC
qoss,16.82767,34.16919,nC
qoss,16.84826,34.194,nC
qoss,16.86884,34.21881,nC
qoss,16.88943,34.24363,nC
qoss,16.91002,34.26844,nC
qoss,16.93061,34.29325,nC
qoss,16.95119,34.31806,nC
qoss,16.97178,34.34287,nC
qoss,16.99237,34.36768,nC
qoss,17.01296,34.39249,nC
qoss,17.03355,34.4173,nC
qoss,17.05413,34.44211,nC
qoss,17.07472,34.46693,nC
qoss,17.09531,34.49174,nC
qoss,17.1159,34.51655,nC
qoss,17.13648,34.54136,nC
qoss,17.15707,34.56617,nC
qoss,17.17766,34.59098,nC
qoss,17.19825,34.61579,nC
qoss,17.21883,34.6406,nC
qoss,17.23942,34.66541,nC
qoss,17.26001,34.69023,nC
qoss,17.26001,34.69023,nC
qoss,17.28317,34.71693,nC
qoss,17.30632,34.74363,nC
qoss,17.32948,34.77034,nC
qoss,17.35264,34.79704,nC
qoss,17.37579,34.82375,nC
qoss,17.39895,34.85045,nC
qoss,17.4221,34.87715,nC
qoss,17.44526,34.90386,nC
qoss,17.46842,34.93056,nC
qoss,17.49157,34.95727,nC
qoss,17.51473,34.98397,nC
qoss,17.53789,35.01067,nC
qoss,17.56104,35.03738,nC
qoss,17.5842,35.06408,nC
qoss,17.60736,35.09079,nC
qoss,17.63051,35.11749,nC
qoss,17.65367,35.14419,nC
qoss,17.67682,35.1709,nC
qoss,17.69998,35.1976,nC
qoss,17.72314,35.22431,nC
qoss,17.74629,35.25101,nC
qoss,17.76945,35.27771,nC
qoss,17.79261,35.30442,nC
qoss,17.81576,35.33112,nC
qoss,17.83892,35.35782,nC
qoss,17.86208,35.38453,nC
qoss,17.88523,35.41123,nC
qoss,17.90839,35.43794,nC
qoss,17.93154,35.46464,nC
qoss,17.9547,35.49134,nC
qoss,17.97786,35.51805,nC
qoss,18.00101,35.54475,nC
qoss,18.02417,35.57146,nC
qoss,18.04733,35.59816,nC
qoss,18.07048,35.62486,nC
qoss,18.09364,35.65157,nC
qoss,18.1168,35.67827,nC
qoss,18.13995,35.70498,nC
qoss,18.16311,35.73168,nC
qoss,18.16311,35.73168,nC
qoss,18.19399,35.76603,nC
qoss,18.22486,35.80038,nC
qoss,18.25574,35.83473,nC
qoss,18.28662,35.86908,nC
qoss,18.31749,35.90343,nC
qoss,18.34837,35.93778,nC
qoss,18.37925,35.97213,nC
qoss,18.41012,36.00648,nC
qoss,18.441,36.04083,nC
qoss,18.47188,36.07518,nC
qoss,18.50275,36.10953,nC
qoss,18.53363,36.14388,nC
qoss,18.56451,36.17823,nC
qoss,18.59538,36.21257,nC
qoss,18.62626,36.24692,nC
qoss,18.65714,36.28127,nC
qoss,18.68801,36.31562,nC
qoss,18.71889,36.34997,nC
qoss,18.74977,36.38432,nC
qoss,18.78065,36.41867,nC
qoss,18.81152,36.45302,nC
qoss,18.8424,36.48737,nC
qoss,18.87328,36.52172,nC
qoss,18.90415,36.55607,nC
qoss,18.93503,36.59042,nC
qoss,18.96591,36.62477,nC
qoss,18.99678,36.65912,nC
qoss,19.02766,36.69347,nC
qoss,19.05854,36.72782,nC
qoss,19.08941,36.76217,nC
qoss,19.12029,36.79652,nC
qoss,19.15117,36.83087,nC
qoss,19.18204,36.86522,nC
qoss,19.21292,36.89957,nC
qoss,19.2438,36.93392,nC
qoss,19.27467,36.96827,nC
qoss,19.30555,37.00262,nC
qoss,19.33643,37.03697,nC
qoss,19.36731,37.07131,nC
qoss,19.36731,37.07131,nC
qoss,19.4059,37.11297,nC
qoss,19.4445,37.15463,nC
qoss,19.4831,37.19629,nC
qoss,19.52169,37.23795,nC
qoss,19.56029,37.27961,nC
qoss,19.59889,37.32127,nC
qoss,19.63748,37.36293,nC
qoss,19.67608,37.40459,nC
qoss,19.71468,37.44625,nC
qoss,19.75328,37.48791,nC
qoss,19.79187,37.52957,nC
qoss,19.83047,37.57123,nC
qoss,19.86907,37.61289,nC
qoss,19.90766,37.65455,nC
qoss,19.94626,37.69621,nC
qoss,19.98486,37.73787,nC
qoss,20.02346,37.77953,nC
qoss,20.06205,37.82119,nC
qoss,20.10065,37.86285,nC
qoss,20.13925,37.90451,nC
qoss,20.17784,37.94617,nC
qoss,20.21644,37.98783,nC
qoss,20.25504,38.02949,nC
qoss,20.29363,38.07115,nC
qoss,20.33223,38.11281,nC
qoss,20.37083,38.15447,nC
qoss,20.40943,38.19613,nC
qoss,20.44802,38.23779,nC
qoss,20.48662,38.27945,nC
qoss,20.52522,38.32111,nC
qoss,20.56381,38.36277,nC
qoss,20.60241,38.40443,nC
qoss,20.64101,38.44609,nC
qoss,20.6796,38.48775,nC
qoss,20.7182,38.52941,nC
qoss,20.7568,38.57107,nC
qoss,20.7954,38.61273,nC
qoss,20.83399,38.65439,nC
qoss,20.87259,38.69605,nC
qoss,20.87259,38.69605,nC
qoss,20.91633,38.74205,nC
qoss,20.96008,38.78804,nC
qoss,21.00382,38.83404,nC
qoss,21.04757,38.88003,nC
qoss,21.09131,38.92603,nC
qoss,21.13505,38.97202,nC
qoss,21.1788,39.01802,nC
qoss,21.22254,39.06402,nC
qoss,21.26629,39.11001,nC
qoss,21.31003,39.15601,nC
qoss,21.35377,39.202,nC
qoss,21.39752,39.248,nC
qoss,21.44126,39.29399,nC
qoss,21.48501,39.33999,nC
qoss,21.52875,39.38598,nC
qoss,21.5725,39.43198,nC
qoss,21.61624,39.47797,nC
qoss,21.65998,39.52397,nC
qoss,21.70373,39.56996,nC
qoss,21.74747,39.61596,nC
qoss,21.79122,39.66196,nC
qoss,21.83496,39.70795,nC
qoss,21.8787,39.75395,nC
qoss,21.92245,39.79994,nC
qoss,21.96619,39.84594,nC
qoss,22.00994,39.89193,nC
qoss,22.05368,39.93793,nC
qoss,22.09742,39.98392,nC
qoss,22.14117,40.02992,nC
qoss,22.18491,40.07591,nC
qoss,22.22866,40.12191,nC
qoss,22.2724,40.16791,nC
qoss,22.31614,40.2139,nC
qoss,22.35989,40.2599,nC
qoss,22.40363,40.30589,nC
qoss,22.44738,40.35189,nC
qoss,22.49112,40.39788,nC
qoss,22.53486,40.44388,nC
qoss,22.57861,40.48987,nC
qoss,22.57861,40.48987,nC
qoss,22.62493,40.53743,nC
qoss,22.67124,40.58498,nC
qoss,22.71756,40.63253,nC
qoss,22.76388,40.68008,nC
qoss,22.8102,40.72764,nC
qoss,22.85651,40.77519,nC
qoss,22.90283,40.82274,nC
qoss,22.94915,40.87029,nC
qoss,22.99547,40.91785,nC
qoss,23.04178,40.9654,nC
qoss,23.0881,41.01295,nC
qoss,23.13442,41.0605,nC
qoss,23.18074,41.10806,nC
qoss,23.22705,41.15561,nC
qoss,23.27337,41.20316,nC
qoss,23.31969,41.25071,nC
qoss,23.36601,41.29827,nC
qoss,23.41232,41.34582,nC
qoss,23.45864,41.39337,nC
qoss,23.50496,41.44093,nC
qoss,23.55128,41.48848,nC
qoss,23.59759,41.53603,nC
qoss,23.64391,41.58358,nC
qoss,23.69023,41.63114,nC
qoss,23.73655,41.67869,nC
qoss,23.78286,41.72624,nC
qoss,23.82918,41.77379,nC
qoss,23.8755,41.82135,nC
qoss,23.92181,41.8689,nC
qoss,23.96813,41.91645,nC
qoss,24.01445,41.964,nC
qoss,24.06077,42.01156,nC
qoss,24.10708,42.05911,nC
qoss,24.1534,42.10666,nC
qoss,24.19972,42.15421,nC
qoss,24.24604,42.20177,nC
qoss,24.29235,42.24932,nC
qoss,24.33867,42.29687,nC
qoss,24.38499,42.34443,nC
qoss,24.38499,42.34443,nC
qoss,24.43388,42.39351,nC
qoss,24.48277,42.44259,nC
qoss,24.53166,42.49167,nC
qoss,24.58055,42.54075,nC
qoss,24.62944,42.58983,nC
qoss,24.67834,42.63892,nC
qoss,24.72723,42.688,nC
qoss,24.77612,42.73708,nC
qoss,24.82501,42.78616,nC
qoss,24.8739,42.83524,nC
qoss,24.92279,42.88432,nC
qoss,24.97168,42.93341,nC
qoss,25.02057,42.98249,nC
qoss,25.06946,43.03157,nC
qoss,25.11835,43.08065,nC
qoss,25.16724,43.12973,nC
qoss,25.21614,43.17881,nC
qoss,25.26503,43.22789,nC
qoss,25.31392,43.27698,nC
qoss,25.36281,43.32606,nC
qoss,25.4117,43.37514,nC
qoss,25.46059,43.42422,nC
qoss,25.50948,43.4733,nC
qoss,25.55837,43.52238,nC
qoss,25.60726,43.57147,nC
qoss,25.65615,43.62055,nC
qoss,25.70504,43.66963,nC
qoss,25.75394,43.71871,nC
qoss,25.80283,43.76779,nC
qoss,25.85172,43.81687,nC
qoss,25.90061,43.86596,nC
qoss,25.9495,43.91504,nC
qoss,25.99839,43.96412,nC
qoss,26.04728,44.0132,nC
qoss,26.09617,44.06228,nC
qoss,26.14506,44.11136,nC
qoss,26.19395,44.16045,nC
qoss,26.24284,44.20953,nC
qoss,26.29174,44.25861,nC
qoss,26.29174,44.25861,nC
qoss,26.3432,44.30916,nC
qoss,26.39466,44.35972,nC
qoss,26.44613,44.41027,nC
qoss,26.49759,44.46083,nC
qoss,26.54906,44.51138,nC
qoss,26.60052,44.56194,nC
qoss,26.65199,44.61249,nC
qoss,26.70345,44.66305,nC
qoss,26.75492,44.7136,nC
qoss,26.80638,44.76416,nC
qoss,26.85784,44.81471,nC
qoss,26.90931,44.86527,nC
qoss,26.96077,44.91582,nC
qoss,27.01224,44.96638,nC
qoss,27.0637,45.01693,nC
qoss,27.11517,45.06749,nC
qoss,27.16663,45.11804,nC
qoss,27.21809,45.1686,nC
qoss,27.26956,45.21915,nC
qoss,27.32102,45.26971,nC
qoss,27.37249,45.32026,nC
qoss,27.42395,45.37082,nC
qoss,27.47542,45.42137,nC
qoss,27.52688,45.47193,nC
qoss,27.57835,45.52248,nC
qoss,27.62981,45.57303,nC
qoss,27.68127,45.62359,nC
qoss,27.73274,45.67414,nC
qoss,27.7842,45.7247,nC
qoss,27.83567,45.77525,nC
qoss,27.88713,45.82581,nC
qoss,27.9386,45.87636,nC
qoss,27.99006,45.92692,nC
qoss,28.04153,45.97747,nC
qoss,28.09299,46.02803,nC
qoss,28.14445,46.07858,nC
qoss,28.19592,46.12914,nC
qoss,28.24738,46.17969,nC
qoss,28.29885,46.23025,nC
qoss,28.29885,46.23025,nC
qoss,28.35545,46.28469,nC
qoss,28.41206,46.33913,nC
qoss,28.46867,46.39358,nC
qoss,28.52527,46.44802,nC
qoss,28.58188,46.50246,nC
qoss,28.63849,46.55691,nC
qoss,28.69509,46.61135,nC
qoss,28.7517,46.66579,nC
qoss,28.80831,46.72023,nC
qoss,28.86491,46.77468,nC
qoss,28.92152,46.82912,nC
qoss,28.97813,46.88356,nC
qoss,29.03473,46.93801,nC
qoss,29.09134,46.99245,nC
qoss,29.14795,47.04689,nC
qoss,29.20455,47.10134,nC
qoss,29.26116,47.15578,nC
qoss,29.31777,47.21022,nC
qoss,29.37437,47.26466,nC
qoss,29.43098,47.31911,nC
qoss,29.48759,47.37355,nC
qoss,29.54419,47.42799,nC
qoss,29.6008,47.48244,nC
qoss,29.65741,47.53688,nC
qoss,29.71401,47.59132,nC
qoss,29.77062,47.64577,nC
qoss,29.82723,47.70021,nC
qoss,29.88383,47.75465,nC
qoss,29.94044,47.80909,nC
qoss,29.99705,47.86354,nC
qoss,30.05365,47.91798,nC
qoss,30.11026,47.97242,nC
qoss,30.16687,48.02687,nC
qoss,30.22347,48.08131,nC
qoss,30.28008,48.13575,nC
qoss,30.33669,48.19019,nC
qoss,30.39329,48.24464,nC
qoss,30.4499,48.29908,nC
qoss,30.50651,48.35352,nC
qoss,30.50651,48.35352,nC
qoss,30.56569,48.40928,nC
qoss,30.62487,48.46504,nC
qoss,30.68406,48.5208,nC
qoss,30.74324,48.57655,nC
qoss,30.80243,48.63231,nC
qoss,30.86161,48.68807,nC
qoss,30.9208,48.74382,nC
qoss,30.97998,48.79958,nC
qoss,31.03917,48.85534,nC
qoss,31.09835,48.9111,nC
qoss,31.15754,48.96685,nC
qoss,31.21672,49.02261,nC
qoss,31.27591,49.07837,nC
qoss,31.33509,49.13413,nC
qoss,31.39428,49.18988,nC
qoss,31.45346,49.24564,nC
qoss,31.51265,49.3014,nC
qoss,31.57183,49.35715,nC
qoss,31.63102,49.41291,nC
qoss,31.6902,49.46867,nC
qoss,31.74939,49.52443,nC
qoss,31.80857,49.58018,nC
qoss,31.86776,49.63594,nC
qoss,31.92694,49.6917,nC
qoss,31.98613,49.74746,nC
qoss,32.04531,49.80321,nC
qoss,32.1045,49.85897,nC
qoss,32.16368,49.91473,nC
qoss,32.22286,49.97048,nC
qoss,32.28205,50.02624,nC
qoss,32.34123,50.082,nC
qoss,32.40042,50.13776,nC
qoss,32.4596,50.19351,nC
qoss,32.51879,50.24927,nC
qoss,32.57797,50.30503,nC
qoss,32.63716,50.36079,nC
qoss,32.69634,50.41654,nC
qoss,32.75553,50.4723,nC
qoss,32.81471,50.52806,nC
qoss,32.81471,50.52806,nC
qoss,32.87904,50.58753,nC
qoss,32.94337,50.64699,nC
qoss,33.00769,50.70646,nC
qoss,33.07202,50.76593,nC
qoss,33.13635,50.8254,nC
qoss,33.20067,50.88487,nC
qoss,33.265,50.94434,nC
qoss,33.32933,51.00381,nC
qoss,33.39366,51.06328,nC
qoss,33.45798,51.12274,nC
qoss,33.52231,51.18221,nC
qoss,33.58664,51.24168,nC
qoss,33.65096,51.30115,nC
qoss,33.71529,51.36062,nC
qoss,33.77962,51.42009,nC
qoss,33.84394,51.47956,nC
qoss,33.90827,51.53903,nC
qoss,33.9726,51.59849,nC
qoss,34.03692,51.65796,nC
qoss,34.10125,51.71743,nC
qoss,34.16558,51.7769,nC
qoss,34.22991,51.83637,nC
qoss,34.29423,51.89584,nC
qoss,34.35856,51.95531,nC
qoss,34.42289,52.01478,nC
qoss,34.48721,52.07424,nC
qoss,34.55154,52.13371,nC
qoss,34.61587,52.19318,nC
qoss,34.68019,52.25265,nC
qoss,34.74452,52.31212,nC
qoss,34.80885,52.37159,nC
qoss,34.87318,52.43106,nC
qoss,34.9375,52.49052,nC
qoss,35.00183,52.54999,nC
qoss,35.06616,52.60946,nC
qoss,35.13048,52.66893,nC
qoss,35.19481,52.7284,nC
qoss,35.25914,52.78787,nC
qoss,35.32346,52.84734,nC
qoss,35.32346,52.84734,nC
qoss,35.39294,52.91042,nC
qoss,35.46241,52.97351,nC
qoss,35.53189,53.0366,nC
qoss,35.60136,53.09968,nC
qoss,35.67083,53.16277,nC
qoss,35.74031,53.22585,nC
qoss,35.80978,53.28894,nC
qoss,35.87925,53.35203,nC
qoss,35.94873,53.41511,nC
qoss,36.0182,53.4782,nC
qoss,36.08768,53.54129,nC
qoss,36.15715,53.60437,nC
qoss,36.22662,53.66746,nC
qoss,36.2961,53.73055,nC
qoss,36.36557,53.79363,nC
qoss,36.43505,53.85672,nC
qoss,36.50452,53.9198,nC
qoss,36.57399,53.98289,nC
qoss,36.64347,54.04598,nC
qoss,36.71294,54.10906,nC
qoss,36.78241,54.17215,nC
qoss,36.85189,54.23524,nC
qoss,36.92136,54.29832,nC
qoss,36.99084,54.36141,nC
qoss,37.06031,54.42449,nC
qoss,37.12978,54.48758,nC
qoss,37.19926,54.55067,nC
qoss,37.26873,54.61375,nC
qoss,37.3382,54.67684,nC
qoss,37.40768,54.73993,nC
qoss,37.47715,54.80301,nC
qoss,37.54663,54.8661,nC
qoss,37.6161,54.92919,nC
qoss,37.68557,54.99227,nC
qoss,37.75505,55.05536,nC
qoss,37.82452,55.11844,nC
qoss,37.894,55.18153,nC
qoss,37.96347,55.24462,nC
qoss,38.03294,55.3077,nC
qoss,38.03294,55.3077,nC
qoss,38.08441,55.3538,nC
qoss,38.13587,55.3999,nC
qoss,38.18734,55.446,nC
qoss,38.2388,55.49209,nC
qoss,38.29027,55.53819,nC
qoss,38.34173,55.58429,nC
qoss,38.39319,55.63039,nC
qoss,38.44466,55.67649,nC
qoss,38.49612,55.72258,nC
qoss,38.54759,55.76868,nC
qoss,38.59905,55.81478,nC
qoss,38.65052,55.86088,nC
qoss,38.70198,55.90698,nC
qoss,38.75345,55.95307,nC
qoss,38.80491,55.99917,nC
qoss,38.85637,56.04527,nC
qoss,38.90784,56.09137,nC
qoss,38.9593,56.13746,nC
qoss,39.01077,56.18356,nC
qoss,39.06223,56.22966,nC
qoss,39.1137,56.27576,nC
qoss,39.16516,56.32186,nC
qoss,39.21663,56.36795,nC
qoss,39.26809,56.41405,nC
qoss,39.31955,56.46015,nC
qoss,39.37102,56.50625,nC
qoss,39.42248,56.55235,nC
qoss,39.47395,56.59844,nC
qoss,39.52541,56.64454,nC
qoss,39.57688,56.69064,nC
qoss,39.62834,56.73674,nC
qoss,39.67981,56.78283,nC
qoss,39.73127,56.82893,nC
qoss,39.78274,56.87503,nC
qoss,39.8342,56.92113,nC
qoss,39.88566,56.96723,nC
qoss,39.93713,57.01332,nC
qoss,39.98859,57.05942,nC
qoss,40.04006,57.10552,nC
eoss,-0.10107,-0.0,uJ
eoss,-0.08821,8e-06,uJ
eoss,-0.07534,1.6e-05,uJ
eoss,-0.06247,2.4e-05,uJ
eoss,-0.0496,3.1e-05,uJ
eoss,-0.03674,3.9e-05,uJ
eoss,-0.02387,4.7e-05,uJ
eoss,-0.011,5.5e-05,uJ
eoss,0.00187,6.3e-05,uJ
eoss,0.01473,7.1e-05,uJ
eoss,0.0276,7.9e-05,uJ
eoss,0.04047,8.6e-05,uJ
eoss,0.05333,9.4e-05,uJ
eoss,0.0662,0.000102,uJ
eoss,0.07907,0.00011,uJ
eoss,0.09194,0.000118,uJ
eoss,0.1048,0.000126,uJ
eoss,0.11767,0.000133,uJ
eoss,0.13054,0.000141,uJ
eoss,0.14341,0.000149,uJ
eoss,0.15627,0.000157,uJ
eoss,0.16914,0.000165,uJ
eoss,0.18201,0.000173,uJ
eoss,0.19487,0.000181,uJ
eoss,0.20774,0.000188,uJ
eoss,0.22061,0.000196,uJ
eoss,0.23348,0.000204,uJ
eoss,0.24634,0.000212,uJ
eoss,0.25921,0.00022,uJ
eoss,0.27208,0.000228,uJ
eoss,0.28495,0.000236,uJ
eoss,0.29781,0.000243,uJ
eoss,0.31068,0.000251,uJ
eoss,0.32355,0.000259,uJ
eoss,0.33641,0.000267,uJ
eoss,0.34928,0.000275,uJ
eoss,0.36215,0.000283,uJ
eoss,0.37502,0.000291,uJ
eoss,0.38788,0.000298,uJ
eoss,0.40075,0.000306,uJ
eoss,0.40075,0.000306,uJ
eoss,0.41361,0.00033,uJ
eoss,0.42648,0.000353,uJ
eoss,0.43934,0.000376,uJ
eoss,0.4522,0.000399,uJ
eoss,0.46506,0.000423,uJ
eoss,0.47793,0.000446,uJ
eoss,0.49079,0.000469,uJ
eoss,0.50365,0.000493,uJ
eoss,0.51651,0.000516,uJ
eoss,0.52938,0.000539,uJ
eoss,0.54224,0.000562,uJ
eoss,0.5551,0.000586,uJ
eoss,0.56796,0.000609,uJ
eoss,0.58083,0.000632,uJ
eoss,0.59369,0.000656,uJ
eoss,0.60655,0.000679,uJ
eoss,0.61941,0.000702,uJ
eoss,0.63228,0.000725,uJ
eoss,0.64514,0.000749,uJ
eoss,0.658,0.000772,uJ
eoss,0.67086,0.000795,uJ
eoss,0.68373,0.000819,uJ
eoss,0.69659,0.000842,uJ
eoss,0.70945,0.000865,uJ
eoss,0.72231,0.000888,uJ
eoss,0.73518,0.000912,uJ
eoss,0.74804,0.000935,uJ
eoss,0.7609,0.000958,uJ
eoss,0.77376,0.000982,uJ
eoss,0.78663,0.001005,uJ
eoss,0.79949,0.001028,uJ
eoss,0.81235,0.001051,uJ
eoss,0.82522,0.001075,uJ
eoss,0.83808,0.001098,uJ
eoss,0.85094,0.001121,uJ
eoss,0.8638,0.001145,uJ
eoss,0.87667,0.001168,uJ
eoss,0.88953,0.001191,uJ
eoss,0.90239,0.001215,uJ
eoss,0.90239,0.001215,uJ
eoss,0.91526,0.001253,uJ
eoss,0.92812,0.001292,uJ
eoss,0.94099,0.00133,uJ
eoss,0.95386,0.001369,uJ
eoss,0.96673,0.001407,uJ
eoss,0.97959,0.001446,uJ
eoss,0.99246,0.001485,uJ
eoss,1.00533,0.001523,uJ
eoss,1.0182,0.001562,uJ
eoss,1.03106,0.0016,uJ
eoss,1.04393,0.001639,uJ
eoss,1.0568,0.001677,uJ
eoss,1.06967,0.001716,uJ
eoss,1.08253,0.001755,uJ
eoss,1.0954,0.001793,uJ
eoss,1.10827,0.001832,uJ
eoss,1.12113,0.00187,uJ
eoss,1.134,0.001909,uJ
eoss,1.14687,0.001948,uJ
eoss,1.15974,0.001986,uJ
eoss,1.1726,0.002025,uJ
eoss,1.18547,0.002063,uJ
eoss,1.19834,0.002102,uJ
eoss,1.21121,0.00214,uJ
eoss,1.22407,0.002179,uJ
eoss,1.23694,0.002218,uJ
eoss,1.24981,0.002256,uJ
eoss,1.26267,0.002295,uJ
eoss,1.27554,0.002333,uJ
eoss,1.28841,0.002372,uJ
eoss,1.30128,0.002411,uJ
eoss,1.31414,0.002449,uJ
eoss,1.32701,0.002488,uJ
eoss,1.33988,0.002526,uJ
eoss,1.35275,0.002565,uJ
eoss,1.36561,0.002603,uJ
eoss,1.37848,0.002642,uJ
eoss,1.39135,0.002681,uJ
eoss,1.40421,0.002719,uJ
eoss,1.40421,0.002719,uJ
eoss,1.41708,0.002773,uJ
eoss,1.42995,0.002827,uJ
eoss,1.44282,0.00288,uJ
eoss,1.45568,0.002934,uJ
eoss,1.46855,0.002988,uJ
eoss,1.48142,0.003042,uJ
eoss,1.49429,0.003095,uJ
eoss,1.50715,0.003149,uJ
eoss,1.52002,0.003203,uJ
eoss,1.53289,0.003257,uJ
eoss,1.54575,0.00331,uJ
eoss,1.55862,0.003364,uJ
eoss,1.57149,0.003418,uJ
eoss,1.58436,0.003471,uJ
eoss,1.59722,0.003525,uJ
eoss,1.61009,0.003579,uJ
eoss,1.62296,0.003633,uJ
eoss,1.63583,0.003686,uJ
eoss,1.64869,0.00374,uJ
eoss,1.66156,0.003794,uJ
eoss,1.67443,0.003848,uJ
eoss,1.68729,0.003901,uJ
eoss,1.70016,0.003955,uJ
eoss,1.71303,0.004009,uJ
eoss,1.7259,0.004063,uJ
eoss,1.73876,0.004116,uJ
eoss,1.75163,0.00417,uJ
eoss,1.7645,0.004224,uJ
eoss,1.77737,0.004278,uJ
eoss,1.79023,0.004331,uJ
eoss,1.8031,0.004385,uJ
eoss,1.81597,0.004439,uJ
eoss,1.82883,0.004492,uJ
eoss,1.8417,0.004546,uJ
eoss,1.85457,0.0046,uJ
eoss,1.86744,0.004654,uJ
eoss,1.8803,0.004707,uJ
eoss,1.89317,0.004761,uJ
eoss,1.90604,0.004815,uJ
eoss,1.90604,0.004815,uJ
eoss,1.9189,0.004883,uJ
eoss,1.93176,0.004952,uJ
eoss,1.94463,0.00502,uJ
eoss,1.95749,0.005089,uJ
eoss,1.97035,0.005157,uJ
eoss,1.98321,0.005226,uJ
eoss,1.99608,0.005294,uJ
eoss,2.00894,0.005363,uJ
eoss,2.0218,0.005431,uJ
eoss,2.03466,0.0055,uJ
eoss,2.04753,0.005568,uJ
eoss,2.06039,0.005637,uJ
eoss,2.07325,0.005705,uJ
eoss,2.08611,0.005774,uJ
eoss,2.09898,0.005842,uJ
eoss,2.11184,0.005911,uJ
eoss,2.1247,0.005979,uJ
eoss,2.13757,0.006048,uJ
eoss,2.15043,0.006116,uJ
eoss,2.16329,0.006185,uJ
eoss,2.17615,0.006253,uJ
eoss,2.18902,0.006321,uJ
eoss,2.20188,0.00639,uJ
eoss,2.21474,0.006458,uJ
eoss,2.2276,0.006527,uJ
eoss,2.24047,0.006595,uJ
eoss,2.25333,0.006664,uJ
eoss,2.26619,0.006732,uJ
eoss,2.27905,0.006801,uJ
eoss,2.29192,0.006869,uJ
eoss,2.30478,0.006938,uJ
eoss,2.31764,0.007006,uJ
eoss,2.3305,0.007075,uJ
eoss,2.34337,0.007143,uJ
eoss,2.35623,0.007212,uJ
eoss,2.36909,0.00728,uJ
eoss,2.38195,0.007349,uJ
eoss,2.39482,0.007417,uJ
eoss,2.40768,0.007486,uJ
eoss,2.40768,0.007486,uJ
eoss,2.42055,0.007569,uJ
eoss,2.43341,0.007652,uJ
eoss,2.44628,0.007735,uJ
eoss,2.45915,0.007819,uJ
eoss,2.47202,0.007902,uJ
eoss,2.48488,0.007985,uJ
eoss,2.49775,0.008068,uJ
eoss,2.51062,0.008151,uJ
eoss,2.52348,0.008235,uJ
eoss,2.53635,0.008318,uJ
eoss,2.54922,0.008401,uJ
eoss,2.56209,0.008484,uJ
eoss,2.57495,0.008568,uJ
eoss,2.58782,0.008651,uJ
eoss,2.60069,0.008734,uJ
eoss,2.61356,0.008817,uJ
eoss,2.62642,0.008901,uJ
eoss,2.63929,0.008984,uJ
eoss,2.65216,0.009067,uJ
eoss,2.66502,0.00915,uJ
eoss,2.67789,0.009233,uJ
eoss,2.69076,0.009317,uJ
eoss,2.70363,0.0094,uJ
eoss,2.71649,0.009483,uJ
eoss,2.72936,0.009566,uJ
eoss,2.74223,0.00965,uJ
eoss,2.75509,0.009733,uJ
eoss,2.76796,0.009816,uJ
eoss,2.78083,0.009899,uJ
eoss,2.7937,0.009982,uJ
eoss,2.80656,0.010066,uJ
eoss,2.81943,0.010149,uJ
eoss,2.8323,0.010232,uJ
eoss,2.84517,0.010315,uJ
eoss,2.85803,0.010399,uJ
eoss,2.8709,0.010482,uJ
eoss,2.88377,0.010565,uJ
eoss,2.89663,0.010648,uJ
eoss,2.9095,0.010732,uJ
eoss,2.9095,0.010732,uJ
eoss,2.92237,0.010829,uJ
eoss,2.93524,0.010927,uJ
eoss,2.9481,0.011024,uJ
eoss,2.96097,0.011122,uJ
eoss,2.97384,0.011219,uJ
eoss,2.98671,0.011317,uJ
eoss,2.99957,0.011414,uJ
eoss,3.01244,0.011512,uJ
eoss,3.02531,0.01161,uJ
eoss,3.03817,0.011707,uJ
eoss,3.05104,0.011805,uJ
eoss,3.06391,0.011902,uJ
eoss,3.07678,0.012,uJ
eoss,3.08964,0.012097,uJ
eoss,3.10251,0.012195,uJ
eoss,3.11538,0.012292,uJ
eoss,3.12825,0.01239,uJ
eoss,3.14111,0.012488,uJ
eoss,3.15398,0.012585,uJ
eoss,3.16685,0.012683,uJ
eoss,3.17971,0.01278,uJ
eoss,3.19258,0.012878,uJ
eoss,3.20545,0.012975,uJ
eoss,3.21832,0.013073,uJ
eoss,3.23118,0.01317,uJ
eoss,3.24405,0.013268,uJ
eoss,3.25692,0.013365,uJ
eoss,3.26979,0.013463,uJ
eoss,3.28265,0.013561,uJ
eoss,3.29552,0.013658,uJ
eoss,3.30839,0.013756,uJ
eoss,3.32126,0.013853,uJ
eoss,3.33412,0.013951,uJ
eoss,3.34699,0.014048,uJ
eoss,3.35986,0.014146,uJ
eoss,3.37272,0.014243,uJ
eoss,3.38559,0.014341,uJ
eoss,3.39846,0.014439,uJ
eoss,3.41133,0.014536,uJ
eoss,3.41133,0.014536,uJ
eoss,3.42419,0.014648,uJ
eoss,3.43705,0.01476,uJ
eoss,3.44991,0.014871,uJ
eoss,3.46278,0.014983,uJ
eoss,3.47564,0.015095,uJ
eoss,3.4885,0.015207,uJ
eoss,3.50136,0.015318,uJ
eoss,3.51423,0.01543,uJ
eoss,3.52709,0.015542,uJ
eoss,3.53995,0.015654,uJ
eoss,3.55281,0.015765,uJ
eoss,3.56568,0.015877,uJ
eoss,3.57854,0.015989,uJ
eoss,3.5914,0.016101,uJ
eoss,3.60426,0.016212,uJ
eoss,3.61713,0.016324,uJ
eoss,3.62999,0.016436,uJ
eoss,3.64285,0.016548,uJ
eoss,3.65572,0.016659,uJ
eoss,3.66858,0.016771,uJ
eoss,3.68144,0.016883,uJ
eoss,3.6943,0.016995,uJ
eoss,3.70717,0.017106,uJ
eoss,3.72003,0.017218,uJ
eoss,3.73289,0.01733,uJ
eoss,3.74575,0.017442,uJ
eoss,3.75862,0.017553,uJ
eoss,3.77148,0.017665,uJ
eoss,3.78434,0.017777,uJ
eoss,3.7972,0.017888,uJ
eoss,3.81007,0.018,uJ
eoss,3.82293,0.018112,uJ
eoss,3.83579,0.018224,uJ
eoss,3.84865,0.018335,uJ
eoss,3.86152,0.018447,uJ
eoss,3.87438,0.018559,uJ
eoss,3.88724,0.018671,uJ
eoss,3.9001,0.018782,uJ
eoss,3.91297,0.018894,uJ
eoss,3.91297,0.018894,uJ
eoss,3.92583,0.01902,uJ
eoss,3.9387,0.019146,uJ
eoss,3.95157,0.019271,uJ
eoss,3.96444,0.019397,uJ
eoss,3.9773,0.019523,uJ
eoss,3.99017,0.019648,uJ
eoss,4.00304,0.019774,uJ
eoss,4.0159,0.0199,uJ
eoss,4.02877,0.020025,uJ
eoss,4.04164,0.020151,uJ
eoss,4.05451,0.020277,uJ
eoss,4.06737,0.020402,uJ
eoss,4.08024,0.020528,uJ
eoss,4.09311,0.020654,uJ
eoss,4.10598,0.020779,uJ
eoss,4.11884,0.020905,uJ
eoss,4.13171,0.021031,uJ
eoss,4.14458,0.021156,uJ
eoss,4.15744,0.021282,uJ
eoss,4.17031,0.021408,uJ
eoss,4.18318,0.021533,uJ
eoss,4.19605,0.021659,uJ
eoss,4.20891,0.021785,uJ
eoss,4.22178,0.02191,uJ
eoss,4.23465,0.022036,uJ
eoss,4.24752,0.022162,uJ
eoss,4.26038,0.022287,uJ
eoss,4.27325,0.022413,uJ
eoss,4.28612,0.022539,uJ
eoss,4.29898,0.022664,uJ
eoss,4.31185,0.02279,uJ
eoss,4.32472,0.022916,uJ
eoss,4.33759,0.023041,uJ
eoss,4.35045,0.023167,uJ
eoss,4.36332,0.023293,uJ
eoss,4.37619,0.023418,uJ
eoss,4.38906,0.023544,uJ
eoss,4.40192,0.02367,uJ
eoss,4.41479,0.023795,uJ
eoss,4.41479,0.023795,uJ
eoss,4.42766,0.023934,uJ
eoss,4.44052,0.024074,uJ
eoss,4.45339,0.024213,uJ
eoss,4.46626,0.024352,uJ
eoss,4.47913,0.024491,uJ
eoss,4.49199,0.02463,uJ
eoss,4.50486,0.024769,uJ
eoss,4.51773,0.024909,uJ
eoss,4.5306,0.025048,uJ
eoss,4.54346,0.025187,uJ
eoss,4.55633,0.025326,uJ
eoss,4.5692,0.025465,uJ
eoss,4.58206,0.025604,uJ
eoss,4.59493,0.025743,uJ
eoss,4.6078,0.025883,uJ
eoss,4.62067,0.026022,uJ
eoss,4.63353,0.026161,uJ
eoss,4.6464,0.0263,uJ
eoss,4.65927,0.026439,uJ
eoss,4.67214,0.026578,uJ
eoss,4.685,0.026718,uJ
eoss,4.69787,0.026857,uJ
eoss,4.71074,0.026996,uJ
eoss,4.7236,0.027135,uJ
eoss,4.73647,0.027274,uJ
eoss,4.74934,0.027413,uJ
eoss,4.76221,0.027553,uJ
eoss,4.77507,0.027692,uJ
eoss,4.78794,0.027831,uJ
eoss,4.80081,0.02797,uJ
eoss,4.81368,0.028109,uJ
eoss,4.82654,0.028248,uJ
eoss,4.83941,0.028388,uJ
eoss,4.85228,0.028527,uJ
eoss,4.86514,0.028666,uJ
eoss,4.87801,0.028805,uJ
eoss,4.89088,0.028944,uJ
eoss,4.90375,0.029083,uJ
eoss,4.91661,0.029223,uJ
eoss,4.91661,0.029223,uJ
eoss,4.93205,0.029407,uJ
eoss,4.94749,0.029592,uJ
eoss,4.96292,0.029777,uJ
eoss,4.97836,0.029962,uJ
eoss,4.99379,0.030146,uJ
eoss,5.00923,0.030331,uJ
eoss,5.02467,0.030516,uJ
eoss,5.0401,0.030701,uJ
eoss,5.05554,0.030886,uJ
eoss,5.07097,0.03107,uJ
eoss,5.08641,0.031255,uJ
eoss,5.10185,0.03144,uJ
eoss,5.11728,0.031625,uJ
eoss,5.13272,0.031809,uJ
eoss,5.14815,0.031994,uJ
eoss,5.16359,0.032179,uJ
eoss,5.17903,0.032364,uJ
eoss,5.19446,0.032549,uJ
eoss,5.2099,0.032733,uJ
eoss,5.22533,0.032918,uJ
eoss,5.24077,0.033103,uJ
eoss,5.25621,0.033288,uJ
eoss,5.27164,0.033472,uJ
eoss,5.28708,0.033657,uJ
eoss,5.30251,0.033842,uJ
eoss,5.31795,0.034027,uJ
eoss,5.33339,0.034212,uJ
eoss,5.34882,0.034396,uJ
eoss,5.36426,0.034581,uJ
eoss,5.37969,0.034766,uJ
eoss,5.39513,0.034951,uJ
eoss,5.41057,0.035135,uJ
eoss,5.426,0.03532,uJ
eoss,5.44144,0.035505,uJ
eoss,5.45687,0.03569,uJ
eoss,5.47231,0.035875,uJ
eoss,5.48775,0.036059,uJ
eoss,5.50318,0.036244,uJ
eoss,5.51862,0.036429,uJ
eoss,5.51862,0.036429,uJ
eoss,5.53406,0.036632,uJ
eoss,5.5495,0.036836,uJ
eoss,5.56494,0.037039,uJ
eoss,5.58038,0.037243,uJ
eoss,5.59582,0.037446,uJ
eoss,5.61126,0.03765,uJ
eoss,5.6267,0.037853,uJ
eoss,5.64214,0.038057,uJ
eoss,5.65759,0.03826,uJ
eoss,5.67303,0.038464,uJ
eoss,5.68847,0.038668,uJ
eoss,5.70391,0.038871,uJ
eoss,5.71935,0.039075,uJ
eoss,5.73479,0.039278,uJ
eoss,5.75023,0.039482,uJ
eoss,5.76567,0.039685,uJ
eoss,5.78111,0.039889,uJ
eoss,5.79655,0.040092,uJ
eoss,5.81199,0.040296,uJ
eoss,5.82743,0.040499,uJ
eoss,5.84287,0.040703,uJ
eoss,5.85832,0.040906,uJ
eoss,5.87376,0.04111,uJ
eoss,5.8892,0.041313,uJ
eoss,5.90464,0.041517,uJ
eoss,5.92008,0.04172,uJ
eoss,5.93552,0.041924,uJ
eoss,5.95096,0.042127,uJ
eoss,5.9664,0.042331,uJ
eoss,5.98184,0.042534,uJ
eoss,5.99728,0.042738,uJ
eoss,6.01272,0.042941,uJ
eoss,6.02816,0.043145,uJ
eoss,6.0436,0.043348,uJ
eoss,6.05904,0.043552,uJ
eoss,6.07449,0.043755,uJ
eoss,6.08993,0.043959,uJ
eoss,6.10537,0.044162,uJ
eoss,6.12081,0.044366,uJ
eoss,6.12081,0.044366,uJ
eoss,6.13625,0.044587,uJ
eoss,6.15169,0.044809,uJ
eoss,6.16713,0.04503,uJ
eoss,6.18257,0.045252,uJ
eoss,6.19801,0.045473,uJ
eoss,6.21345,0.045694,uJ
eoss,6.22889,0.045916,uJ
eoss,6.24433,0.046137,uJ
eoss,6.25977,0.046359,uJ
eoss,6.27521,0.04658,uJ
eoss,6.29066,0.046802,uJ
eoss,6.3061,0.047023,uJ
eoss,6.32154,0.047245,uJ
eoss,6.33698,0.047466,uJ
eoss,6.35242,0.047687,uJ
eoss,6.36786,0.047909,uJ
eoss,6.3833,0.04813,uJ
eoss,6.39874,0.048352,uJ
eoss,6.41418,0.048573,uJ
eoss,6.42962,0.048795,uJ
eoss,6.44506,0.049016,uJ
eoss,6.4605,0.049237,uJ
eoss,6.47594,0.049459,uJ
eoss,6.49138,0.04968,uJ
eoss,6.50682,0.049902,uJ
eoss,6.52227,0.050123,uJ
eoss,6.53771,0.050345,uJ
eoss,6.55315,0.050566,uJ
eoss,6.56859,0.050787,uJ
eoss,6.58403,0.051009,uJ
eoss,6.59947,0.05123,uJ
eoss,6.61491,0.051452,uJ
eoss,6.63035,0.051673,uJ
eoss,6.64579,0.051895,uJ
eoss,6.66123,0.052116,uJ
eoss,6.67667,0.052337,uJ
eoss,6.69211,0.052559,uJ
eoss,6.70755,0.05278,uJ
eoss,6.72299,0.053002,uJ
eoss,6.72299,0.053002,uJ
eoss,6.73843,0.05324,uJ
eoss,6.75387,0.053479,uJ
eoss,6.7693,0.053718,uJ
eoss,6.78474,0.053957,uJ
eoss,6.80018,0.054196,uJ
eoss,6.81561,0.054434,uJ
eoss,6.83105,0.054673,uJ
eoss,6.84648,0.054912,uJ
eoss,6.86192,0.055151,uJ
eoss,6.87736,0.05539,uJ
eoss,6.89279,0.055628,uJ
eoss,6.90823,0.055867,uJ
eoss,6.92366,0.056106,uJ
eoss,6.9391,0.056345,uJ
eoss,6.95454,0.056584,uJ
eoss,6.96997,0.056822,uJ
eoss,6.98541,0.057061,uJ
eoss,7.00084,0.0573,uJ
eoss,7.01628,0.057539,uJ
eoss,7.03172,0.057777,uJ
eoss,7.04715,0.058016,uJ
eoss,7.06259,0.058255,uJ
eoss,7.07802,0.058494,uJ
eoss,7.09346,0.058733,uJ
eoss,7.1089,0.058971,uJ
eoss,7.12433,0.05921,uJ
eoss,7.13977,0.059449,uJ
eoss,7.15521,0.059688,uJ
eoss,7.17064,0.059927,uJ
eoss,7.18608,0.060165,uJ
eoss,7.20151,0.060404,uJ
eoss,7.21695,0.060643,uJ
eoss,7.23239,0.060882,uJ
eoss,7.24782,0.061121,uJ
eoss,7.26326,0.061359,uJ
eoss,7.27869,0.061598,uJ
eoss,7.29413,0.061837,uJ
eoss,7.30957,0.062076,uJ
eoss,7.325,0.062315,uJ
eoss,7.325,0.062315,uJ
eoss,7.34044,0.06257,uJ
eoss,7.35588,0.062825,uJ
eoss,7.37132,0.06308,uJ
eoss,7.38676,0.063335,uJ
eoss,7.40221,0.06359,uJ
eoss,7.41765,0.063846,uJ
eoss,7.43309,0.064101,uJ
eoss,7.44853,0.064356,uJ
eoss,7.46397,0.064611,uJ
eoss,7.47941,0.064866,uJ
eoss,7.49485,0.065122,uJ
eoss,7.51029,0.065377,uJ
eoss,7.52573,0.065632,uJ
eoss,7.54117,0.065887,uJ
eoss,7.55661,0.066142,uJ
eoss,7.57205,0.066397,uJ
eoss,7.58749,0.066653,uJ
eoss,7.60293,0.066908,uJ
eoss,7.61838,0.067163,uJ
eoss,7.63382,0.067418,uJ
eoss,7.64926,0.067673,uJ
eoss,7.6647,0.067929,uJ
eoss,7.68014,0.068184,uJ
eoss,7.69558,0.068439,uJ
eoss,7.71102,0.068694,uJ
eoss,7.72646,0.068949,uJ
eoss,7.7419,0.069204,uJ
eoss,7.75734,0.06946,uJ
eoss,7.77278,0.069715,uJ
eoss,7.78822,0.06997,uJ
eoss,7.80366,0.070225,uJ
eoss,7.8191,0.07048,uJ
eoss,7.83454,0.070736,uJ
eoss,7.84999,0.070991,uJ
eoss,7.86543,0.071246,uJ
eoss,7.88087,0.071501,uJ
eoss,7.89631,0.071756,uJ
eoss,7.91175,0.072011,uJ
eoss,7.92719,0.072267,uJ
eoss,7.92719,0.072267,uJ
eoss,7.9452,0.072583,uJ
eoss,7.96321,0.0729,uJ
eoss,7.98122,0.073217,uJ
eoss,7.99923,0.073533,uJ
eoss,8.01724,0.07385,uJ
eoss,8.03525,0.074167,uJ
eoss,8.05326,0.074483,uJ
eoss,8.07126,0.0748,uJ
eoss,8.08927,0.075116,uJ
eoss,8.10728,0.075433,uJ
eoss,8.12529,0.07575,uJ
eoss,8.1433,0.076066,uJ
eoss,8.16131,0.076383,uJ
eoss,8.17932,0.0767,uJ
eoss,8.19733,0.077016,uJ
eoss,8.21534,0.077333,uJ
eoss,8.23335,0.07765,uJ
eoss,8.25136,0.077966,uJ
eoss,8.26937,0.078283,uJ
eoss,8.28738,0.078599,uJ
eoss,8.30539,0.078916,uJ
eoss,8.3234,0.079233,uJ
eoss,8.34141,0.079549,uJ
eoss,8.35942,0.079866,uJ
eoss,8.37743,0.080183,uJ
eoss,8.39544,0.080499,uJ
eoss,8.41345,0.080816,uJ
eoss,8.43145,0.081133,uJ
eoss,8.44946,0.081449,uJ
eoss,8.46747,0.081766,uJ
eoss,8.48548,0.082083,uJ
eoss,8.50349,0.082399,uJ
eoss,8.5215,0.082716,uJ
eoss,8.53951,0.083032,uJ
eoss,8.55752,0.083349,uJ
eoss,8.57553,0.083666,uJ
eoss,8.59354,0.083982,uJ
eoss,8.61155,0.084299,uJ
eoss,8.62956,0.084616,uJ
eoss,8.62956,0.084616,uJ
eoss,8.64757,0.084951,uJ
eoss,8.66559,0.085286,uJ
eoss,8.6836,0.085622,uJ
eoss,8.70162,0.085957,uJ
eoss,8.71963,0.086293,uJ
eoss,8.73764,0.086628,uJ
eoss,8.75566,0.086963,uJ
eoss,8.77367,0.087299,uJ
eoss,8.79169,0.087634,uJ
eoss,8.8097,0.087969,uJ
eoss,8.82772,0.088305,uJ
eoss,8.84573,0.08864,uJ
eoss,8.86374,0.088976,uJ
eoss,8.88176,0.089311,uJ
eoss,8.89977,0.089646,uJ
eoss,8.91779,0.089982,uJ
eoss,8.9358,0.090317,uJ
eoss,8.95381,0.090652,uJ
eoss,8.97183,0.090988,uJ
eoss,8.98984,0.091323,uJ
eoss,9.00786,0.091659,uJ
eoss,9.02587,0.091994,uJ
eoss,9.04389,0.092329,uJ
eoss,9.0619,0.092665,uJ
eoss,9.07991,0.093,uJ
eoss,9.09793,0.093335,uJ
eoss,9.11594,0.093671,uJ
eoss,9.13396,0.094006,uJ
eoss,9.15197,0.094342,uJ
eoss,9.16998,0.094677,uJ
eoss,9.188,0.095012,uJ
eoss,9.20601,0.095348,uJ
eoss,9.22403,0.095683,uJ
eoss,9.24204,0.096019,uJ
eoss,9.26006,0.096354,uJ
eoss,9.27807,0.096689,uJ
eoss,9.29608,0.097025,uJ
eoss,9.3141,0.09736,uJ
eoss,9.33211,0.097695,uJ
eoss,9.33211,0.097695,uJ
eoss,9.3527,0.098098,uJ
eoss,9.37328,0.098501,uJ
eoss,9.39386,0.098904,uJ
eoss,9.41444,0.099307,uJ
eoss,9.43503,0.09971,uJ
eoss,9.45561,0.100113,uJ
eoss,9.47619,0.100516,uJ
eoss,9.49678,0.100919,uJ
eoss,9.51736,0.101321,uJ
eoss,9.53794,0.101724,uJ
eoss,9.55852,0.102127,uJ
eoss,9.57911,0.10253,uJ
eoss,9.59969,0.102933,uJ
eoss,9.62027,0.103336,uJ
eoss,9.64086,0.103739,uJ
eoss,9.66144,0.104142,uJ
eoss,9.68202,0.104545,uJ
eoss,9.70261,0.104948,uJ
eoss,9.72319,0.10535,uJ
eoss,9.74377,0.105753,uJ
eoss,9.76435,0.106156,uJ
eoss,9.78494,0.106559,uJ
eoss,9.80552,0.106962,uJ
eoss,9.8261,0.107365,uJ
eoss,9.84669,0.107768,uJ
eoss,9.86727,0.108171,uJ
eoss,9.88785,0.108574,uJ
eoss,9.90843,0.108977,uJ
eoss,9.92902,0.109379,uJ
eoss,9.9496,0.109782,uJ
eoss,9.97018,0.110185,uJ
eoss,9.99077,0.110588,uJ
eoss,10.01135,0.110991,uJ
eoss,10.03193,0.111394,uJ
eoss,10.05251,0.111797,uJ
eoss,10.0731,0.1122,uJ
eoss,10.09368,0.112603,uJ
eoss,10.11426,0.113006,uJ
eoss,10.13485,0.113408,uJ
eoss,10.13485,0.113408,uJ
eoss,10.15543,0.113829,uJ
eoss,10.17602,0.11425,uJ
eoss,10.19661,0.114671,uJ
eoss,10.2172,0.115092,uJ
eoss,10.23778,0.115512,uJ
eoss,10.25837,0.115933,uJ
eoss,10.27896,0.116354,uJ
eoss,10.29955,0.116775,uJ
eoss,10.32014,0.117196,uJ
eoss,10.34072,0.117617,uJ
eoss,10.36131,0.118037,uJ
eoss,10.3819,0.118458,uJ
eoss,10.40249,0.118879,uJ
eoss,10.42307,0.1193,uJ
eoss,10.44366,0.119721,uJ
eoss,10.46425,0.120141,uJ
eoss,10.48484,0.120562,uJ
eoss,10.50542,0.120983,uJ
eoss,10.52601,0.121404,uJ
eoss,10.5466,0.121825,uJ
eoss,10.56719,0.122245,uJ
eoss,10.58777,0.122666,uJ
eoss,10.60836,0.123087,uJ
eoss,10.62895,0.123508,uJ
eoss,10.64954,0.123929,uJ
eoss,10.67012,0.124349,uJ
eoss,10.69071,0.12477,uJ
eoss,10.7113,0.125191,uJ
eoss,10.73189,0.125612,uJ
eoss,10.75248,0.126033,uJ
eoss,10.77306,0.126454,uJ
eoss,10.79365,0.126874,uJ
eoss,10.81424,0.127295,uJ
eoss,10.83483,0.127716,uJ
eoss,10.85541,0.128137,uJ
eoss,10.876,0.128558,uJ
eoss,10.89659,0.128978,uJ
eoss,10.91718,0.129399,uJ
eoss,10.93776,0.12982,uJ
eoss,10.93776,0.12982,uJ
eoss,10.96349,0.130366,uJ
eoss,10.98922,0.130913,uJ
eoss,11.01495,0.131459,uJ
eoss,11.04068,0.132005,uJ
eoss,11.06641,0.132552,uJ
eoss,11.09214,0.133098,uJ
eoss,11.11787,0.133644,uJ
eoss,11.1436,0.134191,uJ
eoss,11.16933,0.134737,uJ
eoss,11.19506,0.135283,uJ
eoss,11.22079,0.13583,uJ
eoss,11.24652,0.136376,uJ
eoss,11.27225,0.136922,uJ
eoss,11.29798,0.137469,uJ
eoss,11.32371,0.138015,uJ
eoss,11.34944,0.138561,uJ
eoss,11.37517,0.139108,uJ
eoss,11.4009,0.139654,uJ
eoss,11.42663,0.1402,uJ
eoss,11.45236,0.140747,uJ
eoss,11.47809,0.141293,uJ
eoss,11.50382,0.141839,uJ
eoss,11.52955,0.142386,uJ
eoss,11.55528,0.142932,uJ
eoss,11.58101,0.143478,uJ
eoss,11.60674,0.144025,uJ
eoss,11.63247,0.144571,uJ
eoss,11.6582,0.145117,uJ
eoss,11.68393,0.145664,uJ
eoss,11.70966,0.14621,uJ
eoss,11.73539,0.146756,uJ
eoss,11.76112,0.147303,uJ
eoss,11.78685,0.147849,uJ
eoss,11.81258,0.148395,uJ
eoss,11.83831,0.148942,uJ
eoss,11.86404,0.149488,uJ
eoss,11.88977,0.150034,uJ
eoss,11.9155,0.150581,uJ
eoss,11.94123,0.151127,uJ
eoss,11.94123,0.151127,uJ
eoss,11.97982,0.151971,uJ
eoss,12.01842,0.152815,uJ
eoss,12.05702,0.153658,uJ
eoss,12.09562,0.154502,uJ
eoss,12.13421,0.155346,uJ
eoss,12.17281,0.15619,uJ
eoss,12.21141,0.157034,uJ
eoss,12.25,0.157878,uJ
eoss,12.2886,0.158721,uJ
eoss,12.3272,0.159565,uJ
eoss,12.3658,0.160409,uJ
eoss,12.40439,0.161253,uJ
eoss,12.44299,0.162097,uJ
eoss,12.48159,0.16294,uJ
eoss,12.52018,0.163784,uJ
eoss,12.55878,0.164628,uJ
eoss,12.59738,0.165472,uJ
eoss,12.63598,0.166316,uJ
eoss,12.67457,0.16716,uJ
eoss,12.71317,0.168003,uJ
eoss,12.75177,0.168847,uJ
eoss,12.79036,0.169691,uJ
eoss,12.82896,0.170535,uJ
eoss,12.86756,0.171379,uJ
eoss,12.90616,0.172223,uJ
eoss,12.94475,0.173066,uJ
eoss,12.98335,0.17391,uJ
eoss,13.02195,0.174754,uJ
eoss,13.06054,0.175598,uJ
eoss,13.09914,0.176442,uJ
eoss,13.13774,0.177285,uJ
eoss,13.17634,0.178129,uJ
eoss,13.21493,0.178973,uJ
eoss,13.25353,0.179817,uJ
eoss,13.29213,0.180661,uJ
eoss,13.33072,0.181505,uJ
eoss,13.36932,0.182348,uJ
eoss,13.40792,0.183192,uJ
eoss,13.44651,0.184036,uJ
eoss,13.44651,0.184036,uJ
eoss,13.47739,0.184704,uJ
eoss,13.50827,0.185373,uJ
eoss,13.53915,0.186041,uJ
eoss,13.57002,0.186709,uJ
eoss,13.6009,0.187377,uJ
eoss,13.63178,0.188046,uJ
eoss,13.66265,0.188714,uJ
eoss,13.69353,0.189382,uJ
eoss,13.72441,0.190051,uJ
eoss,13.75528,0.190719,uJ
eoss,13.78616,0.191387,uJ
eoss,13.81704,0.192055,uJ
eoss,13.84791,0.192724,uJ
eoss,13.87879,0.193392,uJ
eoss,13.90967,0.19406,uJ
eoss,13.94054,0.194729,uJ
eoss,13.97142,0.195397,uJ
eoss,14.0023,0.196065,uJ
eoss,14.03318,0.196733,uJ
eoss,14.06405,0.197402,uJ
eoss,14.09493,0.19807,uJ
eoss,14.12581,0.198738,uJ
eoss,14.15668,0.199407,uJ
eoss,14.18756,0.200075,uJ
eoss,14.21844,0.200743,uJ
eoss,14.24931,0.201411,uJ
eoss,14.28019,0.20208,uJ
eoss,14.31107,0.202748,uJ
eoss,14.34194,0.203416,uJ
eoss,14.37282,0.204084,uJ
eoss,14.4037,0.204753,uJ
eoss,14.43457,0.205421,uJ
eoss,14.46545,0.206089,uJ
eoss,14.49633,0.206758,uJ
eoss,14.5272,0.207426,uJ
eoss,14.55808,0.208094,uJ
eoss,14.58896,0.208762,uJ
eoss,14.61984,0.209431,uJ
eoss,14.65071,0.210099,uJ
eoss,14.65071,0.210099,uJ
eoss,14.67645,0.210636,uJ
eoss,14.70218,0.211172,uJ
eoss,14.72792,0.211709,uJ
eoss,14.75365,0.212246,uJ
eoss,14.77938,0.212782,uJ
eoss,14.80512,0.213319,uJ
eoss,14.83085,0.213856,uJ
eoss,14.85659,0.214393,uJ
eoss,14.88232,0.214929,uJ
eoss,14.90806,0.215466,uJ
eoss,14.93379,0.216003,uJ
eoss,14.95953,0.216539,uJ
eoss,14.98526,0.217076,uJ
eoss,15.01099,0.217613,uJ
eoss,15.03673,0.218149,uJ
eoss,15.06246,0.218686,uJ
eoss,15.0882,0.219223,uJ
eoss,15.11393,0.219759,uJ
eoss,15.13967,0.220296,uJ
eoss,15.1654,0.220833,uJ
eoss,15.19114,0.221369,uJ
eoss,15.21687,0.221906,uJ
eoss,15.24261,0.222443,uJ
eoss,15.26834,0.22298,uJ
eoss,15.29407,0.223516,uJ
eoss,15.31981,0.224053,uJ
eoss,15.34554,0.22459,uJ
eoss,15.37128,0.225126,uJ
eoss,15.39701,0.225663,uJ
eoss,15.42275,0.2262,uJ
eoss,15.44848,0.226736,uJ
eoss,15.47422,0.227273,uJ
eoss,15.49995,0.22781,uJ
eoss,15.52568,0.228346,uJ
eoss,15.55142,0.228883,uJ
eoss,15.57715,0.22942,uJ
eoss,15.60289,0.229957,uJ
eoss,15.62862,0.230493,uJ
eoss,15.65436,0.23103,uJ
eoss,15.65436,0.23103,uJ
eoss,15.68781,0.231706,uJ
eoss,15.72126,0.232381,uJ
eoss,15.75471,0.233057,uJ
eoss,15.78816,0.233733,uJ
eoss,15.82161,0.234408,uJ
eoss,15.85506,0.235084,uJ
eoss,15.88851,0.23576,uJ
eoss,15.92196,0.236436,uJ
eoss,15.95541,0.237111,uJ
eoss,15.98886,0.237787,uJ
eoss,16.02231,0.238463,uJ
eoss,16.05576,0.239138,uJ
eoss,16.08921,0.239814,uJ
eoss,16.12266,0.24049,uJ
eoss,16.15611,0.241166,uJ
eoss,16.18956,0.241841,uJ
eoss,16.22301,0.242517,uJ
eoss,16.25646,0.243193,uJ
eoss,16.28991,0.243868,uJ
eoss,16.32336,0.244544,uJ
eoss,16.35681,0.24522,uJ
eoss,16.39026,0.245896,uJ
eoss,16.42371,0.246571,uJ
eoss,16.45716,0.247247,uJ
eoss,16.49061,0.247923,uJ
eoss,16.52406,0.248599,uJ
eoss,16.55751,0.249274,uJ
eoss,16.59096,0.24995,uJ
eoss,16.62441,0.250626,uJ
eoss,16.65786,0.251301,uJ
eoss,16.69132,0.251977,uJ
eoss,16.72477,0.252653,uJ
eoss,16.75822,0.253329,uJ
eoss,16.79167,0.254004,uJ
eoss,16.82512,0.25468,uJ
eoss,16.85857,0.255356,uJ
eoss,16.89202,0.256031,uJ
eoss,16.92547,0.256707,uJ
eoss,16.95892,0.257383,uJ
eoss,16.95892,0.257383,uJ
eoss,17.00523,0.25832,uJ
eoss,17.05155,0.259257,uJ
eoss,17.09787,0.260195,uJ
eoss,17.14419,0.261132,uJ
eoss,17.1905,0.262069,uJ
eoss,17.23682,0.263006,uJ
eoss,17.28314,0.263944,uJ
eoss,17.32946,0.264881,uJ
eoss,17.37577,0.265818,uJ
eoss,17.42209,0.266755,uJ
eoss,17.46841,0.267693,uJ
eoss,17.51473,0.26863,uJ
eoss,17.56104,0.269567,uJ
eoss,17.60736,0.270504,uJ
eoss,17.65368,0.271442,uJ
eoss,17.7,0.272379,uJ
eoss,17.74631,0.273316,uJ
eoss,17.79263,0.274253,uJ
eoss,17.83895,0.275191,uJ
eoss,17.88527,0.276128,uJ
eoss,17.93158,0.277065,uJ
eoss,17.9779,0.278002,uJ
eoss,18.02422,0.27894,uJ
eoss,18.07054,0.279877,uJ
eoss,18.11685,0.280814,uJ
eoss,18.16317,0.281751,uJ
eoss,18.20949,0.282688,uJ
eoss,18.25581,0.283626,uJ
eoss,18.30212,0.284563,uJ
eoss,18.34844,0.2855,uJ
eoss,18.39476,0.286437,uJ
eoss,18.44108,0.287375,uJ
eoss,18.48739,0.288312,uJ
eoss,18.53371,0.289249,uJ
eoss,18.58003,0.290186,uJ
eoss,18.62635,0.291124,uJ
eoss,18.67266,0.292061,uJ
eoss,18.71898,0.292998,uJ
eoss,18.7653,0.293935,uJ
eoss,18.7653,0.293935,uJ
eoss,18.7936,0.294527,uJ
eoss,18.8219,0.295119,uJ
eoss,18.85021,0.295711,uJ
eoss,18.87851,0.296303,uJ
eoss,18.90681,0.296894,uJ
eoss,18.93512,0.297486,uJ
eoss,18.96342,0.298078,uJ
eoss,18.99172,0.29867,uJ
eoss,19.02003,0.299262,uJ
eoss,19.04833,0.299854,uJ
eoss,19.07663,0.300445,uJ
eoss,19.10494,0.301037,uJ
eoss,19.13324,0.301629,uJ
eoss,19.16154,0.302221,uJ
eoss,19.18985,0.302813,uJ
eoss,19.21815,0.303404,uJ
eoss,19.24645,0.303996,uJ
eoss,19.27476,0.304588,uJ
eoss,19.30306,0.30518,uJ
eoss,19.33136,0.305772,uJ
eoss,19.35967,0.306363,uJ
eoss,19.38797,0.306955,uJ
eoss,19.41627,0.307547,uJ
eoss,19.44458,0.308139,uJ
eoss,19.47288,0.308731,uJ
eoss,19.50118,0.309322,uJ
eoss,19.52949,0.309914,uJ
eoss,19.55779,0.310506,uJ
eoss,19.58609,0.311098,uJ
eoss,19.6144,0.31169,uJ
eoss,19.6427,0.312281,uJ
eoss,19.671,0.312873,uJ
eoss,19.69931,0.313465,uJ
eoss,19.72761,0.314057,uJ
eoss,19.75591,0.314649,uJ
eoss,19.78422,0.31524,uJ
eoss,19.81252,0.315832,uJ
eoss,19.84082,0.316424,uJ
eoss,19.86913,0.317016,uJ
eoss,19.86913,0.317016,uJ
eoss,19.89486,0.317571,uJ
eoss,19.92059,0.318127,uJ
eoss,19.94632,0.318683,uJ
eoss,19.97205,0.319238,uJ
eoss,19.99778,0.319794,uJ
eoss,20.02351,0.320349,uJ
eoss,20.04924,0.320905,uJ
eoss,20.07497,0.32146,uJ
eoss,20.1007,0.322016,uJ
eoss,20.12643,0.322571,uJ
eoss,20.15215,0.323127,uJ
eoss,20.17788,0.323683,uJ
eoss,20.20361,0.324238,uJ
eoss,20.22934,0.324794,uJ
eoss,20.25507,0.325349,uJ
eoss,20.2808,0.325905,uJ
eoss,20.30653,0.32646,uJ
eoss,20.33226,0.327016,uJ
eoss,20.35799,0.327572,uJ
eoss,20.38372,0.328127,uJ
eoss,20.40945,0.328683,uJ
eoss,20.43518,0.329238,uJ
eoss,20.46091,0.329794,uJ
eoss,20.48664,0.330349,uJ
eoss,20.51237,0.330905,uJ
eoss,20.5381,0.331461,uJ
eoss,20.56383,0.332016,uJ
eoss,20.58956,0.332572,uJ
eoss,20.61529,0.333127,uJ
eoss,20.64102,0.333683,uJ
eoss,20.66675,0.334238,uJ
eoss,20.69248,0.334794,uJ
eoss,20.71821,0.33535,uJ
eoss,20.74394,0.335905,uJ
eoss,20.76967,0.336461,uJ
eoss,20.7954,0.337016,uJ
eoss,20.82113,0.337572,uJ
eoss,20.84686,0.338127,uJ
eoss,20.87259,0.338683,uJ
eoss,20.87259,0.338683,uJ
eoss,20.89832,0.339256,uJ
eoss,20.92406,0.339829,uJ
eoss,20.94979,0.340403,uJ
eoss,20.97553,0.340976,uJ
eoss,21.00126,0.341549,uJ
eoss,21.027,0.342122,uJ
eoss,21.05273,0.342695,uJ
eoss,21.07847,0.343269,uJ
eoss,21.1042,0.343842,uJ
eoss,21.12994,0.344415,uJ
eoss,21.15567,0.344988,uJ
eoss,21.18141,0.345561,uJ
eoss,21.20714,0.346135,uJ
eoss,21.23287,0.346708,uJ
eoss,21.25861,0.347281,uJ
eoss,21.28434,0.347854,uJ
eoss,21.31008,0.348427,uJ
eoss,21.33581,0.349001,uJ
eoss,21.36155,0.349574,uJ
eoss,21.38728,0.350147,uJ
eoss,21.41302,0.35072,uJ
eoss,21.43875,0.351293,uJ
eoss,21.46449,0.351867,uJ
eoss,21.49022,0.35244,uJ
eoss,21.51595,0.353013,uJ
eoss,21.54169,0.353586,uJ
eoss,21.56742,0.354159,uJ
eoss,21.59316,0.354733,uJ
eoss,21.61889,0.355306,uJ
eoss,21.64463,0.355879,uJ
eoss,21.67036,0.356452,uJ
eoss,21.6961,0.357025,uJ
eoss,21.72183,0.357599,uJ
eoss,21.74757,0.358172,uJ
eoss,21.7733,0.358745,uJ
eoss,21.79903,0.359318,uJ
eoss,21.82477,0.359891,uJ
eoss,21.8505,0.360465,uJ
eoss,21.87624,0.361038,uJ
eoss,21.87624,0.361038,uJ
eoss,21.90197,0.361629,uJ
eoss,21.9277,0.362221,uJ
eoss,21.95343,0.362812,uJ
eoss,21.97916,0.363404,uJ
eoss,22.00489,0.363995,uJ
eoss,22.03062,0.364587,uJ
eoss,22.05635,0.365179,uJ
eoss,22.08208,0.36577,uJ
eoss,22.10781,0.366362,uJ
eoss,22.13354,0.366953,uJ
eoss,22.15927,0.367545,uJ
eoss,22.185,0.368136,uJ
eoss,22.21073,0.368728,uJ
eoss,22.23646,0.369319,uJ
eoss,22.26219,0.369911,uJ
eoss,22.28792,0.370502,uJ
eoss,22.31365,0.371094,uJ
eoss,22.33938,0.371685,uJ
eoss,22.36511,0.372277,uJ
eoss,22.39084,0.372868,uJ
eoss,22.41656,0.37346,uJ
eoss,22.44229,0.374052,uJ
eoss,22.46802,0.374643,uJ
eoss,22.49375,0.375235,uJ
eoss,22.51948,0.375826,uJ
eoss,22.54521,0.376418,uJ
eoss,22.57094,0.377009,uJ
eoss,22.59667,0.377601,uJ
eoss,22.6224,0.378192,uJ
eoss,22.64813,0.378784,uJ
eoss,22.67386,0.379375,uJ
eoss,22.69959,0.379967,uJ
eoss,22.72532,0.380558,uJ
eoss,22.75105,0.38115,uJ
eoss,22.77678,0.381741,uJ
eoss,22.80251,0.382333,uJ
eoss,22.82824,0.382925,uJ
eoss,22.85397,0.383516,uJ
eoss,22.8797,0.384108,uJ
eoss,22.8797,0.384108,uJ
eoss,22.90544,0.384717,uJ
eoss,22.93117,0.385327,uJ
eoss,22.95691,0.385937,uJ
eoss,22.98264,0.386547,uJ
eoss,23.00837,0.387157,uJ
eoss,23.03411,0.387767,uJ
eoss,23.05984,0.388377,uJ
eoss,23.08558,0.388986,uJ
eoss,23.11131,0.389596,uJ
eoss,23.13705,0.390206,uJ
eoss,23.16278,0.390816,uJ
eoss,23.18852,0.391426,uJ
eoss,23.21425,0.392036,uJ
eoss,23.23999,0.392646,uJ
eoss,23.26572,0.393255,uJ
eoss,23.29146,0.393865,uJ
eoss,23.31719,0.394475,uJ
eoss,23.34292,0.395085,uJ
eoss,23.36866,0.395695,uJ
eoss,23.39439,0.396305,uJ
eoss,23.42013,0.396915,uJ
eoss,23.44586,0.397524,uJ
eoss,23.4716,0.398134,uJ
eoss,23.49733,0.398744,uJ
eoss,23.52307,0.399354,uJ
eoss,23.5488,0.399964,uJ
eoss,23.57454,0.400574,uJ
eoss,23.60027,0.401184,uJ
eoss,23.626,0.401793,uJ
eoss,23.65174,0.402403,uJ
eoss,23.67747,0.403013,uJ
eoss,23.70321,0.403623,uJ
eoss,23.72894,0.404233,uJ
eoss,23.75468,0.404843,uJ
eoss,23.78041,0.405453,uJ
eoss,23.80615,0.406062,uJ
eoss,23.83188,0.406672,uJ
eoss,23.85762,0.407282,uJ
eoss,23.88335,0.407892,uJ
eoss,23.88335,0.407892,uJ
eoss,23.90908,0.40852,uJ
eoss,23.93481,0.409148,uJ
eoss,23.96054,0.409776,uJ
eoss,23.98627,0.410404,uJ
eoss,24.012,0.411032,uJ
eoss,24.03773,0.411659,uJ
eoss,24.06346,0.412287,uJ
eoss,24.08919,0.412915,uJ
eoss,24.11492,0.413543,uJ
eoss,24.14065,0.414171,uJ
eoss,24.16638,0.414799,uJ
eoss,24.19211,0.415427,uJ
eoss,24.21784,0.416055,uJ
eoss,24.24357,0.416683,uJ
eoss,24.2693,0.417311,uJ
eoss,24.29503,0.417938,uJ
eoss,24.32076,0.418566,uJ
eoss,24.34649,0.419194,uJ
eoss,24.37222,0.419822,uJ
eoss,24.39795,0.42045,uJ
eoss,24.42368,0.421078,uJ
eoss,24.44941,0.421706,uJ
eoss,24.47514,0.422334,uJ
eoss,24.50087,0.422962,uJ
eoss,24.5266,0.42359,uJ
eoss,24.55233,0.424218,uJ
eoss,24.57806,0.424845,uJ
eoss,24.60379,0.425473,uJ
eoss,24.62952,0.426101,uJ
eoss,24.65525,0.426729,uJ
eoss,24.68097,0.427357,uJ
eoss,24.7067,0.427985,uJ
eoss,24.73243,0.428613,uJ
eoss,24.75816,0.429241,uJ
eoss,24.78389,0.429869,uJ
eoss,24.80962,0.430497,uJ
eoss,24.83535,0.431124,uJ
eoss,24.86108,0.431752,uJ
eoss,24.88681,0.43238,uJ
eoss,24.88681,0.43238,uJ
eoss,24.91512,0.433092,uJ
eoss,24.94342,0.433803,uJ
eoss,24.97172,0.434515,uJ
eoss,25.00003,0.435226,uJ
eoss,25.02833,0.435938,uJ
eoss,25.05663,0.43665,uJ
eoss,25.08494,0.437361,uJ
eoss,25.11324,0.438073,uJ
eoss,25.14154,0.438784,uJ
eoss,25.16985,0.439496,uJ
eoss,25.19815,0.440207,uJ
eoss,25.22645,0.440919,uJ
eoss,25.25476,0.44163,uJ
eoss,25.28306,0.442342,uJ
eoss,25.31136,0.443053,uJ
eoss,25.33967,0.443765,uJ
eoss,25.36797,0.444477,uJ
eoss,25.39627,0.445188,uJ
eoss,25.42458,0.4459,uJ
eoss,25.45288,0.446611,uJ
eoss,25.48118,0.447323,uJ
eoss,25.50949,0.448034,uJ
eoss,25.53779,0.448746,uJ
eoss,25.56609,0.449457,uJ
eoss,25.5944,0.450169,uJ
eoss,25.6227,0.45088,uJ
eoss,25.651,0.451592,uJ
eoss,25.67931,0.452304,uJ
eoss,25.70761,0.453015,uJ
eoss,25.73591,0.453727,uJ
eoss,25.76422,0.454438,uJ
eoss,25.79252,0.45515,uJ
eoss,25.82082,0.455861,uJ
eoss,25.84913,0.456573,uJ
eoss,25.87743,0.457284,uJ
eoss,25.90573,0.457996,uJ
eoss,25.93404,0.458707,uJ
eoss,25.96234,0.459419,uJ
eoss,25.99064,0.460131,uJ
eoss,25.99064,0.460131,uJ
eoss,26.01895,0.460864,uJ
eoss,26.04725,0.461597,uJ
eoss,26.07555,0.46233,uJ
eoss,26.10386,0.463063,uJ
eoss,26.13216,0.463796,uJ
eoss,26.16046,0.46453,uJ
eoss,26.18877,0.465263,uJ
eoss,26.21707,0.465996,uJ
eoss,26.24537,0.466729,uJ
eoss,26.27368,0.467462,uJ
eoss,26.30198,0.468196,uJ
eoss,26.33028,0.468929,uJ
eoss,26.35859,0.469662,uJ
eoss,26.38689,0.470395,uJ
eoss,26.41519,0.471128,uJ
eoss,26.4435,0.471861,uJ
eoss,26.4718,0.472595,uJ
eoss,26.5001,0.473328,uJ
eoss,26.52841,0.474061,uJ
eoss,26.55671,0.474794,uJ
eoss,26.58501,0.475527,uJ
eoss,26.61332,0.47626,uJ
eoss,26.64162,0.476994,uJ
eoss,26.66992,0.477727,uJ
eoss,26.69823,0.47846,uJ
eoss,26.72653,0.479193,uJ
eoss,26.75483,0.479926,uJ
eoss,26.78314,0.480659,uJ
eoss,26.81144,0.481393,uJ
eoss,26.83974,0.482126,uJ
eoss,26.86805,0.482859,uJ
eoss,26.89635,0.483592,uJ
eoss,26.92465,0.484325,uJ
eoss,26.95296,0.485059,uJ
eoss,26.98126,0.485792,uJ
eoss,27.00956,0.486525,uJ
eoss,27.03787,0.487258,uJ
eoss,27.06617,0.487991,uJ
eoss,27.09447,0.488724,uJ
eoss,27.09447,0.488724,uJ
eoss,27.12278,0.489479,uJ
eoss,27.15109,0.490233,uJ
eoss,27.1794,0.490988,uJ
eoss,27.20771,0.491743,uJ
eoss,27.23601,0.492497,uJ
eoss,27.26432,0.493252,uJ
eoss,27.29263,0.494006,uJ
eoss,27.32094,0.494761,uJ
eoss,27.34925,0.495515,uJ
eoss,27.37755,0.49627,uJ
eoss,27.40586,0.497024,uJ
eoss,27.43417,0.497779,uJ
eoss,27.46248,0.498533,uJ
eoss,27.49079,0.499288,uJ
eoss,27.51909,0.500042,uJ
eoss,27.5474,0.500797,uJ
eoss,27.57571,0.501552,uJ
eoss,27.60402,0.502306,uJ
eoss,27.63233,0.503061,uJ
eoss,27.66063,0.503815,uJ
eoss,27.68894,0.50457,uJ
eoss,27.71725,0.505324,uJ
eoss,27.74556,0.506079,uJ
eoss,27.77387,0.506833,uJ
eoss,27.80217,0.507588,uJ
eoss,27.83048,0.508342,uJ
eoss,27.85879,0.509097,uJ
eoss,27.8871,0.509851,uJ
eoss,27.91541,0.510606,uJ
eoss,27.94371,0.51136,uJ
eoss,27.97202,0.512115,uJ
eoss,28.00033,0.51287,uJ
eoss,28.02864,0.513624,uJ
eoss,28.05695,0.514379,uJ
eoss,28.08525,0.515133,uJ
eoss,28.11356,0.515888,uJ
eoss,28.14187,0.516642,uJ
eoss,28.17018,0.517397,uJ
eoss,28.19848,0.518151,uJ
eoss,28.19848,0.518151,uJ
eoss,28.22679,0.518927,uJ
eoss,28.25509,0.519703,uJ
eoss,28.28339,0.520479,uJ
eoss,28.3117,0.521254,uJ
eoss,28.34,0.52203,uJ
eoss,28.3683,0.522806,uJ
eoss,28.39661,0.523582,uJ
eoss,28.42491,0.524357,uJ
eoss,28.45321,0.525133,uJ
eoss,28.48152,0.525909,uJ
eoss,28.50982,0.526685,uJ
eoss,28.53812,0.52746,uJ
eoss,28.56643,0.528236,uJ
eoss,28.59473,0.529012,uJ
eoss,28.62303,0.529788,uJ
eoss,28.65134,0.530563,uJ
eoss,28.67964,0.531339,uJ
eoss,28.70794,0.532115,uJ
eoss,28.73625,0.532891,uJ
eoss,28.76455,0.533666,uJ
eoss,28.79285,0.534442,uJ
eoss,28.82116,0.535218,uJ
eoss,28.84946,0.535994,uJ
eoss,28.87776,0.536769,uJ
eoss,28.90607,0.537545,uJ
eoss,28.93437,0.538321,uJ
eoss,28.96267,0.539097,uJ
eoss,28.99098,0.539872,uJ
eoss,29.01928,0.540648,uJ
eoss,29.04758,0.541424,uJ
eoss,29.07589,0.5422,uJ
eoss,29.10419,0.542975,uJ
eoss,29.13249,0.543751,uJ
eoss,29.16079,0.544527,uJ
eoss,29.1891,0.545303,uJ
eoss,29.2174,0.546078,uJ
eoss,29.2457,0.546854,uJ
eoss,29.27401,0.54763,uJ
eoss,29.30231,0.548406,uJ
eoss,29.30231,0.548406,uJ
eoss,29.33061,0.549203,uJ
eoss,29.35892,0.55,uJ
eoss,29.38722,0.550797,uJ
eoss,29.41552,0.551594,uJ
eoss,29.44383,0.552391,uJ
eoss,29.47213,0.553188,uJ
eoss,29.50043,0.553985,uJ
eoss,29.52874,0.554781,uJ
eoss,29.55704,0.555578,uJ
eoss,29.58534,0.556375,uJ
eoss,29.61365,0.557172,uJ
eoss,29.64195,0.557969,uJ
eoss,29.67025,0.558766,uJ
eoss,29.69856,0.559563,uJ
eoss,29.72686,0.56036,uJ
eoss,29.75516,0.561157,uJ
eoss,29.78347,0.561954,uJ
eoss,29.81177,0.562751,uJ
eoss,29.84008,0.563548,uJ
eoss,29.86838,0.564345,uJ
eoss,29.89668,0.565142,uJ
eoss,29.92499,0.565939,uJ
eoss,29.95329,0.566736,uJ
eoss,29.98159,0.567533,uJ
eoss,30.0099,0.56833,uJ
eoss,30.0382,0.569127,uJ
eoss,30.0665,0.569924,uJ
eoss,30.09481,0.570721,uJ
eoss,30.12311,0.571518,uJ
eoss,30.15141,0.572315,uJ
eoss,30.17972,0.573112,uJ
eoss,30.20802,0.573909,uJ
eoss,30.23632,0.574706,uJ
eoss,30.26463,0.575503,uJ
eoss,30.29293,0.5763,uJ
eoss,30.32123,0.577097,uJ
eoss,30.34954,0.577894,uJ
eoss,30.37784,0.578691,uJ
eoss,30.40614,0.579488,uJ
eoss,30.40614,0.579488,uJ
eoss,30.43445,0.580306,uJ
eoss,30.46276,0.581124,uJ
eoss,30.49107,0.581942,uJ
eoss,30.51937,0.58276,uJ
eoss,30.54768,0.583578,uJ
eoss,30.57599,0.584396,uJ
eoss,30.6043,0.585214,uJ
eoss,30.63261,0.586032,uJ
eoss,30.66091,0.58685,uJ
eoss,30.68922,0.587668,uJ
eoss,30.71753,0.588486,uJ
eoss,30.74584,0.589304,uJ
eoss,30.77415,0.590122,uJ
eoss,30.80245,0.59094,uJ
eoss,30.83076,0.591759,uJ
eoss,30.85907,0.592577,uJ
eoss,30.88738,0.593395,uJ
eoss,30.91569,0.594213,uJ
eoss,30.94399,0.595031,uJ
eoss,30.9723,0.595849,uJ
eoss,31.00061,0.596667,uJ
eoss,31.02892,0.597485,uJ
eoss,31.05723,0.598303,uJ
eoss,31.08553,0.599121,uJ
eoss,31.11384,0.599939,uJ
eoss,31.14215,0.600757,uJ
eoss,31.17046,0.601575,uJ
eoss,31.19877,0.602393,uJ
eoss,31.22707,0.603211,uJ
eoss,31.25538,0.604029,uJ
eoss,31.28369,0.604847,uJ
eoss,31.312,0.605665,uJ
eoss,31.34031,0.606484,uJ
eoss,31.36861,0.607302,uJ
eoss,31.39692,0.60812,uJ
eoss,31.42523,0.608938,uJ
eoss,31.45354,0.609756,uJ
eoss,31.48185,0.610574,uJ
eoss,31.51015,0.611392,uJ
eoss,31.51015,0.611392,uJ
eoss,31.53846,0.612231,uJ
eoss,31.56676,0.61307,uJ
eoss,31.59506,0.61391,uJ
eoss,31.62337,0.614749,uJ
eoss,31.65167,0.615588,uJ
eoss,31.67997,0.616428,uJ
eoss,31.70828,0.617267,uJ
eoss,31.73658,0.618106,uJ
eoss,31.76488,0.618945,uJ
eoss,31.79319,0.619785,uJ
eoss,31.82149,0.620624,uJ
eoss,31.84979,0.621463,uJ
eoss,31.8781,0.622302,uJ
eoss,31.9064,0.623142,uJ
eoss,31.9347,0.623981,uJ
eoss,31.96301,0.62482,uJ
eoss,31.99131,0.62566,uJ
eoss,32.01961,0.626499,uJ
eoss,32.04792,0.627338,uJ
eoss,32.07622,0.628177,uJ
eoss,32.10452,0.629017,uJ
eoss,32.13283,0.629856,uJ
eoss,32.16113,0.630695,uJ
eoss,32.18943,0.631535,uJ
eoss,32.21774,0.632374,uJ
eoss,32.24604,0.633213,uJ
eoss,32.27434,0.634052,uJ
eoss,32.30265,0.634892,uJ
eoss,32.33095,0.635731,uJ
eoss,32.35925,0.63657,uJ
eoss,32.38756,0.637409,uJ
eoss,32.41586,0.638249,uJ
eoss,32.44416,0.639088,uJ
eoss,32.47247,0.639927,uJ
eoss,32.50077,0.640767,uJ
eoss,32.52907,0.641606,uJ
eoss,32.55738,0.642445,uJ
eoss,32.58568,0.643284,uJ
eoss,32.61398,0.644124,uJ
eoss,32.61398,0.644124,uJ
eoss,32.64229,0.644984,uJ
eoss,32.67059,0.645844,uJ
eoss,32.69889,0.646704,uJ
eoss,32.7272,0.647565,uJ
eoss,32.7555,0.648425,uJ
eoss,32.7838,0.649285,uJ
eoss,32.81211,0.650145,uJ
eoss,32.84041,0.651005,uJ
eoss,32.86871,0.651866,uJ
eoss,32.89702,0.652726,uJ
eoss,32.92532,0.653586,uJ
eoss,32.95362,0.654446,uJ
eoss,32.98193,0.655307,uJ
eoss,33.01023,0.656167,uJ
eoss,33.03853,0.657027,uJ
eoss,33.06684,0.657887,uJ
eoss,33.09514,0.658747,uJ
eoss,33.12344,0.659608,uJ
eoss,33.15175,0.660468,uJ
eoss,33.18005,0.661328,uJ
eoss,33.20835,0.662188,uJ
eoss,33.23666,0.663049,uJ
eoss,33.26496,0.663909,uJ
eoss,33.29326,0.664769,uJ
eoss,33.32157,0.665629,uJ
eoss,33.34987,0.666489,uJ
eoss,33.37817,0.66735,uJ
eoss,33.40648,0.66821,uJ
eoss,33.43478,0.66907,uJ
eoss,33.46308,0.66993,uJ
eoss,33.49139,0.67079,uJ
eoss,33.51969,0.671651,uJ
eoss,33.54799,0.672511,uJ
eoss,33.5763,0.673371,uJ
eoss,33.6046,0.674231,uJ
eoss,33.6329,0.675092,uJ
eoss,33.66121,0.675952,uJ
eoss,33.68951,0.676812,uJ
eoss,33.71781,0.677672,uJ
eoss,33.71781,0.677672,uJ
eoss,33.74612,0.678554,uJ
eoss,33.77442,0.679435,uJ
eoss,33.80272,0.680317,uJ
eoss,33.83103,0.681199,uJ
eoss,33.85933,0.68208,uJ
eoss,33.88763,0.682962,uJ
eoss,33.91594,0.683843,uJ
eoss,33.94424,0.684725,uJ
eoss,33.97254,0.685606,uJ
eoss,34.00085,0.686488,uJ
eoss,34.02915,0.68737,uJ
eoss,34.05745,0.688251,uJ
eoss,34.08576,0.689133,uJ
eoss,34.11406,0.690014,uJ
eoss,34.14236,0.690896,uJ
eoss,34.17067,0.691777,uJ
eoss,34.19897,0.692659,uJ
eoss,34.22727,0.693541,uJ
eoss,34.25558,0.694422,uJ
eoss,34.28388,0.695304,uJ
eoss,34.31218,0.696185,uJ
eoss,34.34048,0.697067,uJ
eoss,34.36879,0.697948,uJ
eoss,34.39709,0.69883,uJ
eoss,34.42539,0.699712,uJ
eoss,34.4537,0.700593,uJ
eoss,34.482,0.701475,uJ
eoss,34.5103,0.702356,uJ
eoss,34.53861,0.703238,uJ
eoss,34.56691,0.704119,uJ
eoss,34.59521,0.705001,uJ
eoss,34.62352,0.705883,uJ
eoss,34.65182,0.706764,uJ
eoss,34.68012,0.707646,uJ
eoss,34.70843,0.708527,uJ
eoss,34.73673,0.709409,uJ
eoss,34.76503,0.710291,uJ
eoss,34.79334,0.711172,uJ
eoss,34.82164,0.712054,uJ
eoss,34.82164,0.712054,uJ
eoss,34.84995,0.712956,uJ
eoss,34.87826,0.713859,uJ
eoss,34.90656,0.714762,uJ
eoss,34.93487,0.715664,uJ
eoss,34.96318,0.716567,uJ
eoss,34.99149,0.71747,uJ
eoss,35.0198,0.718372,uJ
eoss,35.0481,0.719275,uJ
eoss,35.07641,0.720178,uJ
eoss,35.10472,0.72108,uJ
eoss,35.13303,0.721983,uJ
eoss,35.16134,0.722886,uJ
eoss,35.18964,0.723788,uJ
eoss,35.21795,0.724691,uJ
eoss,35.24626,0.725594,uJ
eoss,35.27457,0.726496,uJ
eoss,35.30288,0.727399,uJ
eoss,35.33118,0.728302,uJ
eoss,35.35949,0.729204,uJ
eoss,35.3878,0.730107,uJ
eoss,35.41611,0.73101,uJ
eoss,35.44442,0.731912,uJ
eoss,35.47272,0.732815,uJ
eoss,35.50103,0.733718,uJ
eoss,35.52934,0.73462,uJ
eoss,35.55765,0.735523,uJ
eoss,35.58596,0.736425,uJ
eoss,35.61426,0.737328,uJ
eoss,35.64257,0.738231,uJ
eoss,35.67088,0.739133,uJ
eoss,35.69919,0.740036,uJ
eoss,35.72749,0.740939,uJ
eoss,35.7558,0.741841,uJ
eoss,35.78411,0.742744,uJ
eoss,35.81242,0.743647,uJ
eoss,35.84073,0.744549,uJ
eoss,35.86903,0.745452,uJ
eoss,35.89734,0.746355,uJ
eoss,35.92565,0.747257,uJ
eoss,35.92565,0.747257,uJ
eoss,35.95395,0.748181,uJ
eoss,35.98226,0.749105,uJ
eoss,36.01056,0.750029,uJ
eoss,36.03886,0.750953,uJ
eoss,36.06717,0.751877,uJ
eoss,36.09547,0.752801,uJ
eoss,36.12377,0.753726,uJ
eoss,36.15208,0.75465,uJ
eoss,36.18038,0.755574,uJ
eoss,36.20868,0.756498,uJ
eoss,36.23699,0.757422,uJ
eoss,36.26529,0.758346,uJ
eoss,36.29359,0.75927,uJ
eoss,36.3219,0.760194,uJ
eoss,36.3502,0.761118,uJ
eoss,36.3785,0.762042,uJ
eoss,36.40681,0.762966,uJ
eoss,36.43511,0.76389,uJ
eoss,36.46341,0.764814,uJ
eoss,36.49172,0.765738,uJ
eoss,36.52002,0.766662,uJ
eoss,36.54832,0.767586,uJ
eoss,36.57663,0.76851,uJ
eoss,36.60493,0.769434,uJ
eoss,36.63324,0.770358,uJ
eoss,36.66154,0.771282,uJ
eoss,36.68984,0.772206,uJ
eoss,36.71815,0.77313,uJ
eoss,36.74645,0.774054,uJ
eoss,36.77475,0.774978,uJ
eoss,36.80306,0.775902,uJ
eoss,36.83136,0.776826,uJ
eoss,36.85966,0.77775,uJ
eoss,36.88797,0.778674,uJ
eoss,36.91627,0.779598,uJ
eoss,36.94457,0.780522,uJ
eoss,36.97288,0.781446,uJ
eoss,37.00118,0.78237,uJ
eoss,37.02948,0.783294,uJ
eoss,37.02948,0.783294,uJ
eoss,37.05779,0.784239,uJ
eoss,37.08609,0.785185,uJ
eoss,37.11439,0.78613,uJ
eoss,37.1427,0.787076,uJ
eoss,37.171,0.788021,uJ
eoss,37.1993,0.788967,uJ
eoss,37.22761,0.789913,uJ
eoss,37.25591,0.790858,uJ
eoss,37.28421,0.791804,uJ
eoss,37.31252,0.792749,uJ
eoss,37.34082,0.793695,uJ
eoss,37.36912,0.79464,uJ
eoss,37.39743,0.795586,uJ
eoss,37.42573,0.796531,uJ
eoss,37.45403,0.797477,uJ
eoss,37.48234,0.798422,uJ
eoss,37.51064,0.799368,uJ
eoss,37.53894,0.800313,uJ
eoss,37.56725,0.801259,uJ
eoss,37.59555,0.802204,uJ
eoss,37.62385,0.80315,uJ
eoss,37.65216,0.804095,uJ
eoss,37.68046,0.805041,uJ
eoss,37.70876,0.805986,uJ
eoss,37.73707,0.806932,uJ
eoss,37.76537,0.807877,uJ
eoss,37.79367,0.808823,uJ
eoss,37.82198,0.809768,uJ
eoss,37.85028,0.810714,uJ
eoss,37.87858,0.811659,uJ
eoss,37.90689,0.812605,uJ
eoss,37.93519,0.81355,uJ
eoss,37.96349,0.814496,uJ
eoss,37.9918,0.815441,uJ
eoss,38.0201,0.816387,uJ
eoss,38.0484,0.817332,uJ
eoss,38.07671,0.818278,uJ
eoss,38.10501,0.819223,uJ
eoss,38.13331,0.820169,uJ
eoss,38.13331,0.820169,uJ
eoss,38.16162,0.821136,uJ
eoss,38.18993,0.822103,uJ
eoss,38.21824,0.82307,uJ
eoss,38.24655,0.824037,uJ
eoss,38.27485,0.825004,uJ
eoss,38.30316,0.825971,uJ
eoss,38.33147,0.826938,uJ
eoss,38.35978,0.827905,uJ
eoss,38.38809,0.828872,uJ
eoss,38.41639,0.829839,uJ
eoss,38.4447,0.830806,uJ
eoss,38.47301,0.831773,uJ
eoss,38.50132,0.83274,uJ
eoss,38.52962,0.833707,uJ
eoss,38.55793,0.834674,uJ
eoss,38.58624,0.835641,uJ
eoss,38.61455,0.836608,uJ
eoss,38.64286,0.837575,uJ
eoss,38.67116,0.838542,uJ
eoss,38.69947,0.839509,uJ
eoss,38.72778,0.840476,uJ
eoss,38.75609,0.841443,uJ
eoss,38.7844,0.84241,uJ
eoss,38.8127,0.843377,uJ
eoss,38.84101,0.844344,uJ
eoss,38.86932,0.845311,uJ
eoss,38.89763,0.846278,uJ
eoss,38.92594,0.847245,uJ
eoss,38.95424,0.848212,uJ
eoss,38.98255,0.849179,uJ
eoss,39.01086,0.850146,uJ
eoss,39.03917,0.851113,uJ
eoss,39.06747,0.85208,uJ
eoss,39.09578,0.853047,uJ
eoss,39.12409,0.854014,uJ
eoss,39.1524,0.854981,uJ
eoss,39.18071,0.855948,uJ
eoss,39.20901,0.856915,uJ
eoss,39.23732,0.857882,uJ
eoss,39.23732,0.857882,uJ
eoss,39.2579,0.858599,uJ
eoss,39.27849,0.859316,uJ
eoss,39.29907,0.860033,uJ
eoss,39.31965,0.86075,uJ
eoss,39.34024,0.861467,uJ
eoss,39.36082,0.862184,uJ
eoss,39.3814,0.862901,uJ
eoss,39.40199,0.863617,uJ
eoss,39.42257,0.864334,uJ
eoss,39.44315,0.865051,uJ
eoss,39.46373,0.865768,uJ
eoss,39.48432,0.866485,uJ
eoss,39.5049,0.867202,uJ
eoss,39.52548,0.867919,uJ
eoss,39.54607,0.868636,uJ
eoss,39.56665,0.869353,uJ
eoss,39.58723,0.87007,uJ
eoss,39.60782,0.870787,uJ
eoss,39.6284,0.871504,uJ
eoss,39.64898,0.872221,uJ
eoss,39.66956,0.872937,uJ
eoss,39.69015,0.873654,uJ
eoss,39.71073,0.874371,uJ
eoss,39.73131,0.875088,uJ
eoss,39.7519,0.875805,uJ
eoss,39.77248,0.876522,uJ
eoss,39.79306,0.877239,uJ
eoss,39.81364,0.877956,uJ
eoss,39.83423,0.878673,uJ
eoss,39.85481,0.87939,uJ
eoss,39.87539,0.880107,uJ
eoss,39.89598,0.880824,uJ
eoss,39.91656,0.881541,uJ
eoss,39.93714,0.882257,uJ
eoss,39.95773,0.882974,uJ
eoss,39.97831,0.883691,uJ
eoss,39.99889,0.884408,uJ
eoss,40.01947,0.885125,uJ
eoss,40.04006,0.885842,uJ
